id;type;source;source-layer;filter;minzoom;maxzoom;fill-pattern;fill-color;fill-outline-color;fill-opacity;symbol-placement;symbol-avoid-edges;symbol-spacing;line-cap;line-join;line-color;line-width;line-gap-width;line-opacity;line-dasharray;icon-image;icon-allow-overlap;icon-offset;text-field;text-font;text-size;text-offset;text-anchor;text-max-width;text-transform;text-allow-overlap;text-line-height;text-color;text-halo-color;text-halo-width;text-halo-blur;background-color;Remark
background;background;;;;;;;;;;;;;;;;;;;;;;;;;;;;;;;;;;;;#EFEFEF;
;;;;;;;;;;;;;;;;;;;;;;;;;;;;;;;;;;;;;;
terrein_vlak_aanlegsteiger10;fill;brt_topnl;top10nl_terrein_vlak;"[""=="",""typelandgebruik"",""aanlegsteiger""]";;;;rgb(0, 0, 0);rgb(50, 50, 50);;;;;;;;;;;;;;;;;;;;;;;;;;;;;
terrein_vlak_aanlegsteiger50;fill;brt_topnl;top50nl_terrein_vlak;"[""=="",""typeland_gebruik"",""aanlegsteiger""]";;;;rgb(0, 0, 0);rgb(50, 50, 50);;;;;;;;;;;;;;;;;;;;;;;;;;;;;
terrein_vlak_aanlegsteiger100;fill;brt_topnl;top100nl_terrein_vlak;"[""=="",""typeland_gebruik"",""aanlegsteiger""]";;;;rgb(0, 0, 0);rgb(50, 50, 50);;;;;;;;;;;;;;;;;;;;;;;;;;;;;
terrein_vlak_akkerland10;fill;brt_topnl;top10nl_terrein_vlak;"[""=="",""typelandgebruik"",""akkerland""]";;;;rgb(255, 253, 237);rgb(204, 204, 170);;;;;;;;;;;;;;;;;;;;;;;;;;;;;
terrein_vlak_akkerland50;fill;brt_topnl;top50nl_terrein_vlak;"[""=="",""type_landgebruik"",""akkerland""]";;;;rgb(255, 253, 237);;;;;;;;;;;;;;;;;;;;;;;;;;;;;;
terrein_vlak_akkerland100;fill;brt_topnl;top100nl_terrein_vlak;"[""=="",""type_landgebruik"",""akkerland""]";;;;rgb(255, 253, 237);;;;;;;;;;;;;;;;;;;;;;;;;;;;;;
terrein_vlak_basalt10;fill;brt_topnl;top10nl_terrein_vlak;"[""=="",""typelandgebruik"",""basaltblokken, steenglooiing""]";;;;rgb(164, 164, 164);rgb(100, 100, 100);;;;;;;;;;;;;;;;;;;;;;;;;;;;;
terrein_vlak_basalt50;fill;brt_topnl;top50nl_terrein_vlak;"[""=="",""type_landgebruik"",""basaltblokken, steenglooiing""]";;;;rgb(164, 164, 164);;;;;;;;;;;;;;;;;;;;;;;;;;;;;;
terrein_vlak_basalt100;fill;brt_topnl;top100nl_terrein_vlak;"[""=="",""type_landgebruik"",""basaltblokken, steenglooiing""]";;;;rgb(164, 164, 164);;;;;;;;;;;;;;;;;;;;;;;;;;;;;;
terrein_vlak_boomgaard10;fill;brt_topnl;top10nl_terrein_vlak;"[""=="",""typelandgebruik"",""boomgaard""]";;;boomgaard;;;;;;;;;;;;;;;;;;;;;;;;;;;;;;;
terrein_vlak_boomgaard50;fill;brt_topnl;top50nl_terrein_vlak;"[""=="",""type_landgebruik"",""boomgaard""]";;;;rgb(227,234,187);;;;;;;;;;;;;;;;;;;;;;;;;;;;;;
terrein_vlak_boomgaard100;fill;brt_topnl;top100nl_terrein_vlak;"[""=="",""type_landgebruik"",""boomgaard""]";;;;rgb(227,234,187);;;;;;;;;;;;;;;;;;;;;;;;;;;;;;
terrein_vlak_populieren10;fill;brt_topnl;top10nl_terrein_vlak;"[""=="",""typelandgebruik"",""populieren""]";;;populieren;;;;;;;;;;;;;;;;;;;;;;;;;;;;;;;
terrein_vlak_populieren50;fill;brt_topnl;top50nl_terrein_vlak;"[""=="",""type_landgebruik"",""populieren""]";;;;rgb(227,234,187);;;;;;;;;;;;;;;;;;;;;;;;;;;;;;
terrein_vlak_boomkwekerij10;fill;brt_topnl;top10nl_terrein_vlak;"[""=="",""typelandgebruik"",""boomkwekerij""]";;;boomkwekerij;;;;;;;;;;;;;;;;;;;;;;;;;;;;;;;
terrein_vlak_fruitkwekerij10;fill;brt_topnl;top10nl_terrein_vlak;"[""=="",""typelandgebruik"",""fruitkwekerij""]";;;fruitkwekerij;;;;;;;;;;;;;;;;;;;;;;;;;;;;;;;
terrein_vlak_kwekerij50;fill;brt_topnl;top50nl_terrein_vlak;"[""in"",""type_landgebruik"",""boomkwekerij"",""fruitkwekerij""]";;;;rgb(255,250,218);;;;;;;;;;;;;;;;;;;;;;;;;;;;;;
terrein_vlak_kwekerij100;fill;brt_topnl;top100nl_terrein_vlak;"[""in"",""type_landgebruik"",""boomkwekerij"",""fruitkwekerij""]";;;;rgb(255,250,218);;;;;;;;;;;;;;;;;;;;;;;;;;;;;;
terrein_vlak_loofbos10;fill;brt_topnl;top10nl_terrein_vlak;"[""in"",""typelandgebruik"",""bos: loofbos""]";;;loofbos;;;;;;;;;;;;;;;;;;;;;;;;;;;;;;;
terrein_vlak_naaldbos10;fill;brt_topnl;top10nl_terrein_vlak;"[""in"",""typelandgebruik"",""bos: naaldbos""]";;;naaldbos;;;;;;;;;;;;;;;;;;;;;;;;;;;;;;;
terrein_vlak_gemengdbos10;fill;brt_topnl;top10nl_terrein_vlak;"[""in"",""typelandgebruik"",""bos: gemengd bos""]";;;gemengdbos;;;;;;;;;;;;;;;;;;;;;;;;;;;;;;;
terrein_vlak_griend10;fill;brt_topnl;top10nl_terrein_vlak;"[""in"",""typelandgebruik"",""bos: griend""]";;;griend;;;;;;;;;;;;;;;;;;;;;;;;;;;;;;;
terrein_vlak_bos50;fill;brt_topnl;top50nl_terrein_vlak;"[""in"",""type_landgebruik"",""bos: loofbos"",""bos: naaldbos"",""bos: gemengd bos"",""griend""]";;;;rgb(174, 204, 83);;;;;;;;;;;;;;;;;;;;;;;;;;;;;;
terrein_vlak_bos100;fill;brt_topnl;top100nl_terrein_vlak;"[""=="",""type_landgebruik"",""bos: gemengd bos""]";;;;rgb(174, 204, 83);;;;;;;;;;;;;;;;;;;;;;;;;;;;;;
terrein_vlak_bos250;fill;brt_topnl;top250nl_terrein_vlak;"[""=="",""type_landgebruik"",""bos""]";;;;rgb(174, 204, 83);;;;;;;;;;;;;;;;;;;;;;;;;;;;;;
terrein_vlak_bos500;fill;brt_topnl;top500nl_terrein_vlak;"[""=="",""type_landgebruik"",""bos""]";;;;rgb(174, 204, 83);;;;;;;;;;;;;;;;;;;;;;;;;;;;;;
terrein_vlak_bos1000;fill;brt_topnl;top1000nl_terrein_vlak;"[""=="",""type_landgebruik"",""bos""]";;;;rgb(174, 204, 83);;;;;;;;;;;;;;;;;;;;;;;;;;;;;;
terrein_vlak_braakliggend10;fill;brt_topnl;top10nl_terrein_vlak;"[""=="",""typelandgebruik"",""braakliggend""]";;;;rgb(200, 200, 200);rgb(150, 150, 150);;;;;;;;;;;;;;;;;;;;;;;;;;;;;
terrein_vlak_braakliggend50;fill;brt_topnl;top50nl_terrein_vlak;"[""=="",""type_landgebruik"",""braakliggend""]";;;;rgb(150, 150, 150);;;;;;;;;;;;;;;;;;;;;;;;;;;;;;
terrein_vlak_braakliggend100;fill;brt_topnl;top100nl_terrein_vlak;"[""=="",""type_landgebruik"",""braakliggend""]";;;;rgb(150, 150, 150);;;;;;;;;;;;;;;;;;;;;;;;;;;;;;
terrein_vlak_dodenakker10;fill;brt_topnl;top10nl_terrein_vlak;"[""in"",""typelandgebruik"",""dodenakker"",""dodenakker met bos""]";;;dodenakker;;#C3DBB5;;;;;;;;;;;;;;;;;;;;;;;;;;;;;
terrein_vlak_dodenakker50;fill;brt_topnl;top50nl_terrein_vlak;"[""=="",""type_landgebruik"",""dodenakker""]";;;;rgb(150, 150, 150);;;;;;;;;;;;;;;;;;;;;;;;;;;;;;
terrein_vlak_dodenakker100;fill;brt_topnl;top100nl_terrein_vlak;"[""=="",""type_landgebruik"",""dodenakker""]";;;;rgb(150, 150, 150);;;;;;;;;;;;;;;;;;;;;;;;;;;;;;
terrein_vlak_duin10;fill;brt_topnl;top10nl_terrein_vlak;"[""=="",""typelandgebruik"",""duin""]";;;;rgb(252, 245, 187);;;;;;;;;;;;;;;;;;;;;;;;;;;;;;
terrein_vlak_duin50;fill;brt_topnl;top50nl_terrein_vlak;"[""=="",""type_landgebruik"",""duin""]";;;;rgb(252, 245, 187);;;;;;;;;;;;;;;;;;;;;;;;;;;;;;
terrein_vlak_duin100;fill;brt_topnl;top100nl_terrein_vlak;"[""=="",""type_landgebruik"",""duin""]";;;;rgb(252, 245, 187);;;;;;;;;;;;;;;;;;;;;;;;;;;;;;
terrein_vlak_grasland10;fill;brt_topnl;top10nl_terrein_vlak;"[""in"",""typelandgebruik"",""grasland""]";;;;rgb(227,234,187);"[""interpolate"",[""linear""],[""zoom""],10,""#E3EABB"",11,""#CCCCAA""]";;;;;;;;;;;;;;;;;;;;;;;;;;;;;
terrein_vlak_grasland50;fill;brt_topnl;top50nl_terrein_vlak;"[""in"",""type_landgebruik"",""grasland""]";;;;rgb(227,234,187);;;;;;;;;;;;;;;;;;;;;;;;;;;;;;
terrein_vlak_grasland100;fill;brt_topnl;top100nl_terrein_vlak;"[""in"",""type_landgebruik"",""grasland""]";;;;rgb(227,234,187);;;;;;;;;;;;;;;;;;;;;;;;;;;;;;
terrein_vlak_heide10;fill;brt_topnl;top10nl_terrein_vlak;"[""=="",""typelandgebruik"",""heide""]";;;;#FEE5E5;#FEE5E5;;;;;;;;;;;;;;;;;;;;;;;;;;;;;
terrein_vlak_heide50;fill;brt_topnl;top50nl_terrein_vlak;"[""=="",""type_landgebruik"",""heide""]";;;;#FEE5E5;#FEE5E5;;;;;;;;;;;;;;;;;;;;;;;;;;;;;
terrein_vlak_heide100;fill;brt_topnl;top100nl_terrein_vlak;"[""=="",""type_landgebruik"",""heide""]";;;;#FEE5E5;#FEE5E5;;;;;;;;;;;;;;;;;;;;;;;;;;;;;
terrein_vlak_overig10;fill;brt_topnl;top10nl_terrein_vlak;"[""=="",""typelandgebruik"",""overig""]";;;;rgb(255,255,255);"[""interpolate"",[""linear""],[""zoom""],10,""#FFFFFF"",11,""#CCCCAA""]";;;;;;;;;;;;;;;;;;;;;;;;;;;;;
terrein_vlak_overig50;fill;brt_topnl;top50nl_terrein_vlak;"[""=="",""type_landgebruik"",""overig""]";;;;rgb(255,255,255);;;;;;;;;;;;;;;;;;;;;;;;;;;;;;
terrein_vlak_overig100;fill;brt_topnl;top100nl_terrein_vlak;"[""=="",""type_landgebruik"",""overig""]";;;;rgb(255,255,255);;;;;;;;;;;;;;;;;;;;;;;;;;;;;;
terrein_vlak_overig250;fill;brt_topnl;top250nl_terrein_vlak;"[""=="",""type_landgebruik"",""overig""]";;;;rgb(255,255,255);;;;;;;;;;;;;;;;;;;;;;;;;;;;;;
terrein_vlak_overig500;fill;brt_topnl;top500nl_terrein_vlak;"[""=="",""type_landgebruik"",""overig""]";;;;rgb(255,255,255);;;;;;;;;;;;;;;;;;;;;;;;;;;;;;
terrein_vlak_bebouwdgebied50;fill;brt_topnl;top50nl_terrein_vlak;"[""=="",""type_landgebruik"",""bebouwd gebied""]";;;;rgb(160,160,160);;;;;;;;;;;;;;;;;;;;;;;;;;;;;;
terrein_vlak_bebouwdgebied100;fill;brt_topnl;top100nl_terrein_vlak;"[""=="",""type_landgebruik"",""bebouwd gebied""]";;;;rgb(160,160,160);;;;;;;;;;;;;;;;;;;;;;;;;;;;;;
terrein_vlak_spoorbaanlichaam10;fill;brt_topnl;top10nl_terrein_vlak;"[""=="",""typelandgebruik"",""spoorbaanlichaam""]";;;;rgb(200, 200, 200);#C3DBB5;;;;;;;;;;;;;;;;;;;;;;;;;;;;;
terrein_vlak_spoorbaanlichaam50;fill;brt_topnl;top50nl_terrein_vlak;"[""=="",""type_landgebruik"",""spoorbaanlichaam""]";;;;rgb(200, 200, 200);;;;;;;;;;;;;;;;;;;;;;;;;;;;;;
terrein_vlak_spoorbaanlichaam100;fill;brt_topnl;top100nl_terrein_vlak;"[""=="",""type_landgebruik"",""spoorbaanlichaam""]";;;;rgb(200, 200, 200);;;;;;;;;;;;;;;;;;;;;;;;;;;;;;
terrein_vlak_zand10;fill;brt_topnl;top10nl_terrein_vlak;"[""=="",""typelandgebruik"",""zand""]";;;;rgb(252, 245, 187);;;;;;;;;;;;;;;;;;;;;;;;;;;;;;
terrein_vlak_zand50;fill;brt_topnl;top50nl_terrein_vlak;"[""=="",""type_landgebruik"",""zand""]";;;;rgb(252, 245, 187);;;;;;;;;;;;;;;;;;;;;;;;;;;;;;
terrein_vlak_zand100;fill;brt_topnl;top100nl_terrein_vlak;"[""=="",""type_landgebruik"",""zand""]";;;;rgb(252, 245, 187);;;;;;;;;;;;;;;;;;;;;;;;;;;;;;
terrein_vlak_zand250;fill;brt_topnl;top250nl_terrein_vlak;"[""=="",""type_landgebruik"",""zand""]";;;;rgb(252, 245, 187);;;;;;;;;;;;;;;;;;;;;;;;;;;;;;
terrein_vlak_zand500;fill;brt_topnl;top500nl_terrein_vlak;"[""=="",""type_landgebruik"",""zand""]";;;;rgb(252, 245, 187);;;;;;;;;;;;;;;;;;;;;;;;;;;;;;
terrein_vlak_zand1000;fill;brt_topnl;top1000nl_terrein_vlak;"[""=="",""type_landgebruik"",""zand""]";;;;rgb(252, 245, 187);;;;;;;;;;;;;;;;;;;;;;;;;;;;;;
;;;;;;;;;;;;;;;;;;;;;;;;;;;;;;;;;;;;;;
hoogte_lijn10;line;brt_topnl;top10nl_hoogte_lijn;"[""=="",""typehoogte"",""hoogtelijn""]";;;;;;;;;;round;miter;rgba(169,58,23,0.5);"[""interpolate"",[""exponential"",1.5],[""zoom""],12,0.1,17,3]";;;;;;;;;;;;;;;;;;;;;
hoogte_lijn50;line;brt_topnl;top50nl_hoogte_lijn;"[""=="",""type_hoogte"",""hoogtelijn""]";;;;;;;;;;round;miter;rgba(169,58,23,0.5);"[""interpolate"",[""exponential"",1.5],[""zoom""],12,0.1,17,3]";;;;;;;;;;;;;;;;;;;;;
hoogte_lijn100;line;brt_topnl;top100nl_hoogte_lijn;"[""=="",""type_hoogte"",""hoogtelijn""]";;;;;;;;;;round;miter;rgba(169,58,23,0.5);"[""interpolate"",[""exponential"",1.5],[""zoom""],12,0.1,17,3]";;;;;;;;;;;;;;;;;;;;;
hoogte_lijn_hoogte10;symbol;brt_topnl;top10nl_hoogte_lijn;"[""=="",""typehoogte"",""hoogtelijn""]";15.0;;;;;;line;TRUE;;;;;;;;;;;;{hoogte};"[""pdok_OpenSansRegular""]";10;;;;;;;rgb(169,58,23);rgb(255,255,255);5.0;2.0;;
;;;;;;;;;;;;;;;;;;;;;;;;;;;;;;;;;;;;;;
waterdeel_vlak_alles10;fill;brt_topnl;top10nl_waterdeel_vlak;;;;;rgb(128, 189, 227);;;;;;;;;;;;;;;;;;;;;;;;;;;;;;
waterdeel_vlak_alles50;fill;brt_topnl;top50nl_waterdeel_vlak;;;;;rgb(128, 189, 227);;;;;;;;;;;;;;;;;;;;;;;;;;;;;;
waterdeel_vlak_alles100;fill;brt_topnl;top100nl_waterdeel_vlak;;;;;rgb(128, 189, 227);;;;;;;;;;;;;;;;;;;;;;;;;;;;;;
waterdeel_vlak_alles250;fill;brt_topnl;top250nl_waterdeel_vlak;;;;;rgb(128, 189, 227);;;;;;;;;;;;;;;;;;;;;;;;;;;;;;
waterdeel_vlak_alles500;fill;brt_topnl;top500nl_waterdeel_vlak;;;;;rgb(128, 189, 227);;;;;;;;;;;;;;;;;;;;;;;;;;;;;;
waterdeel_vlak_alles1000;fill;brt_topnl;top1000nl_waterdeel_vlak;;;;;rgb(128, 189, 227);;;;;;;;;;;;;;;;;;;;;;;;;;;;;;
waterdeel_lijn;line;brt_topnl;top10nl_waterdeel_lijn;;;;;;;;;;;round;miter;rgb(128, 189, 227);"[""interpolate"",[""exponential"",1.5],[""zoom""],12,0.1,17,3]";;;;;;;;;;;;;;;;;;;;;
diepte_lijn10;line;brt_topnl;top10nl_hoogte_lijn;"[""=="",""typehoogte"",""dieptelijn""]";;;;;;;;;;round;miter;rgb(0, 100, 200);"[""interpolate"",[""exponential"",1.5],[""zoom""],12,0.1,17,3]";;;;;;;;;;;;;;;;;;;;;
diepte_lijn50;line;brt_topnl;top50nl_hoogte_lijn;"[""=="",""type_hoogte"",""dieptelijn""]";;;;;;;;;;round;miter;rgb(0, 100, 200);"[""interpolate"",[""exponential"",1.5],[""zoom""],12,0.1,17,3]";;;;;;;;;;;;;;;;;;;;;
diepte_lijn100;line;brt_topnl;top100nl_hoogte_lijn;"[""=="",""type_hoogte"",""dieptelijn""]";;;;;;;;;;round;miter;rgb(0, 100, 200);"[""interpolate"",[""exponential"",1.5],[""zoom""],12,0.1,17,3]";;;;;;;;;;;;;;;;;;;;;
diepte_lijn_diepte10;symbol;brt_topnl;top10nl_hoogte_lijn;"[""=="",""typehoogte"",""dieptelijn""]";15.0;;;;;;line;TRUE;;;;;;;;;;;;{hoogte};"[""pdok_OpenSansRegular""]";10;;;;;;;rgb(169,58,23);rgb(255,255,255);5.0;2.0;;
;;;;;;;;;;;;;;;;;;;;;;;;;;;;;;;;;;;;;;
relief_lijn_wal;symbol;brt_topnl;top10nl_relief_lijn;"[""=="",""typerelief"",""wal""]";15.0;;;;;;line;TRUE;8.0;;;;;;;;wal;TRUE;;;;;;;;;;;;;;;;
relief_lijn_taludhoog;symbol;brt_topnl;top10nl_relief_talud_hoge_zijde_lijn;"[""all"",[""=="",""hoogteklasse"",""> 2,5 meter""],[""=="",""typerelief"",""talud, hoogteverschil""]]";15.0;;;;;;line;TRUE;8.0;;;;;;;;taludhoog;TRUE;;;;;;;;;;;;;;;;
relief_lijn_taludlaag;symbol;brt_topnl;top10nl_relief_talud_hoge_zijde_lijn;"[""all"",[""=="",""hoogteklasse"",""1 - 2,5 meter""],[""=="",""typerelief"",""talud, hoogteverschil""]]";15.0;;;;;;line;TRUE;8.0;;;;;;;;taludlaag;TRUE;;;;;;;;;;;;;;;;
relief_lijn_steilerand;symbol;brt_topnl;top10nl_relief_talud_hoge_zijde_lijn;"[""=="",""typerelief"",""steile rand, aardrand""]";15.0;;;;;;line;TRUE;4.0;;;;;;;;rand;TRUE;;;;;;;;;;;;;;;;
;;;;;;;;;;;;;;;;;;;;;;;;;;;;;;;;;;;;;;
wegdeel_lijn_overig_casing10;line;brt_topnl;top10nl_wegdeel_hartlijn;"[""all"",[""=="", ""status"", ""in gebruik""],[""=="",""typeweg"",""overig""],[""!="",""verhardingsbreedteklasse"",""< 2 meter""]]";;;;;;;;;;round;miter;rgb(128, 128, 128);"[""interpolate"",[""exponential"",1.5],[""zoom""],12,0.5,20,8]";"[""interpolate"",[""exponential"",1.5],[""zoom""],12,0.1,20,1.5]";;;;;;;;;;;;;;;;;;;;
wegdeel_lijn_overig_casing10 aanleg;line;brt_topnl;top10nl_wegdeel_hartlijn;"[""all"",[""=="", ""status"", ""in uitvoering""],[""=="",""typeweg"",""overig""],[""!="",""verhardingsbreedteklasse"",""< 2 meter""]]";;;;;;;;;;round;miter;rgb(0,0,0);"[""interpolate"",[""exponential"",1.5],[""zoom""],12,0.5,20,8]";"[""interpolate"",[""exponential"",1.5],[""zoom""],12,0.1,20,1.5]";;[4,3];;;;;;;;;;;;;;;;;;
wegdeel_lijn_overig_casing10 buitengebruik;line;brt_topnl;top10nl_wegdeel_hartlijn;"[""all"",[""=="", ""status"", ""buiten gebruik""],[""=="",""typeweg"",""overig""],[""!="",""verhardingsbreedteklasse"",""< 2 meter""]]";;;;;;;;;;round;miter;rgb(255,0,0);"[""interpolate"",[""exponential"",1.5],[""zoom""],12,0.5,20,8]";"[""interpolate"",[""exponential"",1.5],[""zoom""],12,0.1,20,1.5]";;[4,3];;;;;;;;;;;;;;;;;;
wegdeel_lijn_overig_casing50;line;brt_topnl;top50nl_wegdeel_lijn;"[""=="",""type_weg"",""overig""],[""!="",""verhardingsbreedteklasse"",""< 2 meter""]";;;;;;;;;;round;miter;rgb(240, 120, 88);"[""interpolate"",[""exponential"",1.5],[""zoom""],12,0.5,20,8]";"[""interpolate"",[""exponential"",1.5],[""zoom""],12,0.1,20,1.5]";"{""stops"":[[12,0],[12.5,1]]}";;;;;;;;;;;;;;;;;;;
wegdeel_lijn_overig_casing100;line;brt_topnl;top100nl_wegdeel_lijn;"[""=="",""type_weg"",""overig""],[""!="",""verhardingsbreedteklasse"",""< 2 meter""]";;;;;;;;;;round;miter;rgb(240, 120, 88);"[""interpolate"",[""exponential"",1.5],[""zoom""],12,0.5,20,8]";"[""interpolate"",[""exponential"",1.5],[""zoom""],12,0.1,20,1.5]";"{""stops"":[[12,0],[12.5,1]]}";;;;;;;;;;;;;;;;;;;
wegdeel_lijn_straat_casing10;line;brt_topnl;top10nl_wegdeel_hartlijn;"[""all"",[""=="", ""status"", ""in gebruik""],[""in"",""typeweg"",""straat""]]";;;;;;;;;;round;miter;rgb(0, 0, 100);"[""interpolate"",[""exponential"",1.5],[""zoom""],12,0.5,20,11]";"[""interpolate"",[""exponential"",1.5],[""zoom""],12,0.1,20,1.5]";;;;;;;;;;;;;;;;;;;;
wegdeel_lijn_straat_casing10 aanleg;line;brt_topnl;top10nl_wegdeel_hartlijn;"[""all"",[""=="", ""status"", ""in uitvoering""],[""in"",""typeweg"",""straat""]]";;;;;;;;;;round;miter;rgb(0, 0, 0);"[""interpolate"",[""exponential"",1.5],[""zoom""],12,0.5,20,11]";"[""interpolate"",[""exponential"",1.5],[""zoom""],12,0.1,20,1.5]";;[4,3];;;;;;;;;;;;;;;;;;
wegdeel_lijn_straat_casing10 buitengebruik;line;brt_topnl;top10nl_wegdeel_hartlijn;"[""all"",[""=="", ""status"", ""buiten gebruik""],[""in"",""typeweg"",""straat""]]";;;;;;;;;;round;miter;rgb(255, 0, 0);"[""interpolate"",[""exponential"",1.5],[""zoom""],12,0.5,20,11]";"[""interpolate"",[""exponential"",1.5],[""zoom""],12,0.1,20,1.5]";;[4,3];;;;;;;;;;;;;;;;;;
wegdeel_lijn_straat_casing50;line;brt_topnl;top50nl_wegdeel_lijn;"[""in"",""type_weg"",""straat""]";;;;;;;;;;round;miter;rgb(0, 0, 100);"[""interpolate"",[""exponential"",1.5],[""zoom""],12,0.5,20,11]";"[""interpolate"",[""exponential"",1.5],[""zoom""],12,0.1,20,1.5]";"{""stops"":[[12,0],[12.5,1]]}";;;;;;;;;;;;;;;;;;;
wegdeel_lijn_straat_casing100;line;brt_topnl;top50nl_wegdeel_lijn;"[""in"",""type_weg"",""straat""]";;;;;;;;;;round;miter;rgb(0, 0, 100);"[""interpolate"",[""exponential"",1.5],[""zoom""],12,0.5,20,11]";"[""interpolate"",[""exponential"",1.5],[""zoom""],12,0.1,20,1.5]";"{""stops"":[[12,0],[12.5,1]]}";;;;;;;;;;;;;;;;;;;
wegdeel_lijn_lokaal_casing10;line;brt_topnl;top10nl_wegdeel_hartlijn;"[""all"",[""=="", ""status"", ""in gebruik""],[""=="",""typeweg"",""lokale weg""]]";;;;;;;;;;round;miter;rgb(100, 100, 50);"[""interpolate"",[""exponential"",1.5],[""zoom""],11,0.5,20,18]";"[""interpolate"",[""exponential"",1.5],[""zoom""],11,0.1,20,2]";;;;;;;;;;;;;;;;;;;;
wegdeel_lijn_lokaal_casing10 aanleg;line;brt_topnl;top10nl_wegdeel_hartlijn;"[""all"",[""=="", ""status"", ""in uitvoering""],[""=="",""typeweg"",""lokale weg""]]";;;;;;;;;;round;miter;rgb(0,0,0);"[""interpolate"",[""exponential"",1.5],[""zoom""],11,0.5,20,18]";"[""interpolate"",[""exponential"",1.5],[""zoom""],11,0.1,20,2]";;[4,3];;;;;;;;;;;;;;;;;;
wegdeel_lijn_lokaal_casing10 buiten gebruik;line;brt_topnl;top10nl_wegdeel_hartlijn;"[""all"",[""=="", ""status"", ""buiten gebruik""],[""=="",""typeweg"",""lokale weg""]]";;;;;;;;;;round;miter;rgb(255,0,0);"[""interpolate"",[""exponential"",1.5],[""zoom""],11,0.5,20,18]";"[""interpolate"",[""exponential"",1.5],[""zoom""],11,0.1,20,2]";;[4,3];;;;;;;;;;;;;;;;;;
wegdeel_lijn_lokaal_casing50;line;brt_topnl;top50nl_wegdeel_lijn;"[""=="",""type_weg"",""lokale weg""]";;;;;;;;;;round;miter;rgb(100, 100, 50);"[""interpolate"",[""exponential"",1.5],[""zoom""],11,0.5,20,18]";"[""interpolate"",[""exponential"",1.5],[""zoom""],11,0.1,20,2]";"{""stops"":[[11,0],[11.5,1]]}";;;;;;;;;;;;;;;;;;;
wegdeel_lijn_lokaal_casing100;line;brt_topnl;top100nl_wegdeel_lijn;"[""=="",""type_weg"",""lokale weg""]";;;;;;;;;;round;miter;rgb(100, 100, 50);"[""interpolate"",[""exponential"",1.5],[""zoom""],11,0.5,20,18]";"[""interpolate"",[""exponential"",1.5],[""zoom""],11,0.1,20,2]";"{""stops"":[[11,0],[11.5,1]]}";;;;;;;;;;;;;;;;;;;
wegdeel_lijn_lokaal_casing250;line;brt_topnl;top250nl_wegdeel_lijn;"[""=="",""type_weg"",""lokale weg""]";;;;;;;;;;round;miter;rgb(100, 100, 50);"[""interpolate"",[""exponential"",1.5],[""zoom""],11,0.5,20,18]";"[""interpolate"",[""exponential"",1.5],[""zoom""],11,0.1,20,2]";"{""stops"":[[11,0],[11.5,1]]}";;;;;;;;;;;;;;;;;;;
wegdeel_lijn_lokaal_casing500;line;brt_topnl;top500nl_wegdeel_lijn;"[""=="",""type_weg"",""lokale weg""]";;;;;;;;;;round;miter;rgb(100, 100, 50);"[""interpolate"",[""exponential"",1.5],[""zoom""],11,0.5,20,18]";"[""interpolate"",[""exponential"",1.5],[""zoom""],11,0.1,20,2]";"{""stops"":[[11,0],[11.5,1]]}";;;;;;;;;;;;;;;;;;;
wegdeel_lijn_regionaal_casing10;line;brt_topnl;top10nl_wegdeel_hartlijn;"[""all"",[""=="", ""status"", ""in gebruik""],[""=="",""typeweg"",""regionale weg""]]";;;;;;;;;;round;miter;rgb(0,0,0);"[""interpolate"",[""exponential"",1.5],[""zoom""],9,0.5,20,19]";"[""interpolate"",[""exponential"",1.5],[""zoom""],9,0.1,20,2]";;;;;;;;;;;;;;;;;;;;
wegdeel_lijn_regionaal_casing10 aanleg;line;brt_topnl;top10nl_wegdeel_hartlijn;"[""all"",[""=="", ""status"", ""in uitvoering""],[""=="",""typeweg"",""regionale weg""]]";;;;;;;;;;round;miter;rgb(0,0,0);"[""interpolate"",[""exponential"",1.5],[""zoom""],9,0.5,20,19]";"[""interpolate"",[""exponential"",1.5],[""zoom""],9,0.1,20,2]";;[4,3];;;;;;;;;;;;;;;;;;
wegdeel_lijn_regionaal_casing10 buiten gebruik;line;brt_topnl;top10nl_wegdeel_hartlijn;"[""all"",[""=="", ""status"", ""buiten gebruik""],[""=="",""typeweg"",""regionale weg""]]";;;;;;;;;;round;miter;rgb(255,0,0);"[""interpolate"",[""exponential"",1.5],[""zoom""],9,0.5,20,19]";"[""interpolate"",[""exponential"",1.5],[""zoom""],9,0.1,20,2]";;[4,3];;;;;;;;;;;;;;;;;;
wegdeel_lijn_regionaal_casing50;line;brt_topnl;top50nl_wegdeel_lijn;"[""=="",""type_weg"",""regionale weg""]";;;;;;;;;;round;miter;rgb(0,0,0);"[""interpolate"",[""exponential"",1.5],[""zoom""],9,0.5,20,19]";"[""interpolate"",[""exponential"",1.5],[""zoom""],9,0.1,20,2]";"{""stops"":[[9,0],[9.5,1]]}";;;;;;;;;;;;;;;;;;;
wegdeel_lijn_regionaal_casing100;line;brt_topnl;top100nl_wegdeel_lijn;"[""=="",""type_weg"",""regionale weg""]";;;;;;;;;;round;miter;rgb(0,0,0);"[""interpolate"",[""exponential"",1.5],[""zoom""],9,0.5,20,19]";"[""interpolate"",[""exponential"",1.5],[""zoom""],9,0.1,20,2]";"{""stops"":[[9,0],[9.5,1]]}";;;;;;;;;;;;;;;;;;;
wegdeel_lijn_regionaal_casing250;line;brt_topnl;top250nl_wegdeel_lijn;"[""=="",""type_weg"",""regionale weg""]";;;;;;;;;;round;miter;rgb(0,0,0);"[""interpolate"",[""exponential"",1.5],[""zoom""],9,0.5,20,19]";"[""interpolate"",[""exponential"",1.5],[""zoom""],9,0.1,20,2]";"{""stops"":[[9,0],[9.5,1]]}";;;;;;;;;;;;;;;;;;;
wegdeel_lijn_regionaal_casing500;line;brt_topnl;top500nl_wegdeel_lijn;"[""=="",""type_weg"",""regionale weg""]";;;;;;;;;;round;miter;rgb(0,0,0);"[""interpolate"",[""exponential"",1.5],[""zoom""],9,0.5,20,19]";"[""interpolate"",[""exponential"",1.5],[""zoom""],9,0.1,20,2]";"{""stops"":[[9,0],[9.5,1]]}";;;;;;;;;;;;;;;;;;;
wegdeel_lijn_hoofdweg_casing10;line;brt_topnl;top10nl_wegdeel_hartlijn;"[""all"",[""=="", ""status"", ""in gebruik""],[""=="",""typeweg"",""hoofdweg""]]";;;;;;;;;;round;miter;rgb(0,0,0);"[""interpolate"",[""exponential"",1.5],[""zoom""],7,1,20,18]";"[""interpolate"",[""exponential"",1.5],[""zoom""],7,0.2,20,2]";;;;;;;;;;;;;;;;;;;;
wegdeel_lijn_hoofdweg_casing10 aanleg;line;brt_topnl;top10nl_wegdeel_hartlijn;"[""all"",[""=="", ""status"", ""in uitvoering""],[""=="",""typeweg"",""hoofdweg""]]";;;;;;;;;;round;miter;rgb(0,0,0);"[""interpolate"",[""exponential"",1.5],[""zoom""],7,1,20,18]";"[""interpolate"",[""exponential"",1.5],[""zoom""],7,0.2,20,2]";;[4,3];;;;;;;;;;;;;;;;;;
wegdeel_lijn_hoofdweg_casing10 buiten gebruik;line;brt_topnl;top10nl_wegdeel_hartlijn;"[""all"",[""=="", ""status"", ""buiten gebruik""],[""=="",""typeweg"",""hoofdweg""]]";;;;;;;;;;round;miter;rgb(255,0,0);"[""interpolate"",[""exponential"",1.5],[""zoom""],7,1,20,18]";"[""interpolate"",[""exponential"",1.5],[""zoom""],7,0.2,20,2]";;[4,3];;;;;;;;;;;;;;;;;;
wegdeel_lijn_hoofdweg_casing50;line;brt_topnl;top50nl_wegdeel_lijn;"[""=="",""type_weg"",""hoofdweg""]";;;;;;;;;;round;miter;rgb(0,0,0);"[""interpolate"",[""exponential"",1.5],[""zoom""],7,1,20,18]";"[""interpolate"",[""exponential"",1.5],[""zoom""],7,0.2,20,2]";"{""stops"":[[7,0],[7.5,1]]}";;;;;;;;;;;;;;;;;;;
wegdeel_lijn_hoofdweg_casing100;line;brt_topnl;top100nl_wegdeel_lijn;"[""=="",""type_weg"",""hoofdweg""]";;;;;;;;;;round;miter;rgb(0,0,0);"[""interpolate"",[""exponential"",1.5],[""zoom""],7,1,20,18]";"[""interpolate"",[""exponential"",1.5],[""zoom""],7,0.2,20,2]";"{""stops"":[[7,0],[7.5,1]]}";;;;;;;;;;;;;;;;;;;
wegdeel_lijn_hoofdweg_casing250;line;brt_topnl;top250nl_wegdeel_lijn;"[""=="",""type_weg"",""hoofdweg""]";;;;;;;;;;round;miter;rgb(0,0,0);"[""interpolate"",[""exponential"",1.5],[""zoom""],7,1,20,18]";"[""interpolate"",[""exponential"",1.5],[""zoom""],7,0.2,20,2]";"{""stops"":[[7,0],[7.5,1]]}";;;;;;;;;;;;;;;;;;;
wegdeel_lijn_hoofdweg_casing500;line;brt_topnl;top500nl_wegdeel_lijn;"[""=="",""type_weg"",""hoofdweg""]";;;;;;;;;;round;miter;rgb(0,0,0);"[""interpolate"",[""exponential"",1.5],[""zoom""],7,1,20,18]";"[""interpolate"",[""exponential"",1.5],[""zoom""],7,0.2,20,2]";"{""stops"":[[7,0],[7.5,1]]}";;;;;;;;;;;;;;;;;;;
wegdeel_lijn_hoofdweg_casing1000;line;brt_topnl;top1000nl_wegdeel_lijn;"[""=="",""type_weg"",""hoofdweg""]";;;;;;;;;;round;miter;rgb(0,0,0);"[""interpolate"",[""exponential"",1.5],[""zoom""],7,1,20,18]";"[""interpolate"",[""exponential"",1.5],[""zoom""],7,0.2,20,2]";"{""stops"":[[7,0],[7.5,1]]}";;;;;;;;;;;;;;;;;;;
wegdeel_lijn_snelweg_casing10;line;brt_topnl;top10nl_wegdeel_hartlijn;"[""all"",[""=="", ""status"", ""in gebruik""],[""=="",""typeweg"",""autosnelweg""]]";;;;;;;;;;round;miter;rgb(0,0,0);"[""interpolate"",[""exponential"",1.5],[""zoom""],6,1,20,18]";"[""interpolate"",[""exponential"",1.5],[""zoom""],6,0.2,20,2]";;;;;;;;;;;;;;;;;;;;
wegdeel_lijn_snelweg_casing10 aanleg;line;brt_topnl;top10nl_wegdeel_hartlijn;"[""all"",[""=="", ""status"", ""in uitvoering""],[""=="",""typeweg"",""autosnelweg""]]";;;;;;;;;;round;miter;rgb(0,0,0);"[""interpolate"",[""exponential"",1.5],[""zoom""],6,1,20,18]";"[""interpolate"",[""exponential"",1.5],[""zoom""],6,0.2,20,2]";;[4,3];;;;;;;;;;;;;;;;;;
wegdeel_lijn_snelweg_casing10 buiten gebruik;line;brt_topnl;top10nl_wegdeel_hartlijn;"[""all"",[""=="", ""status"", ""buiten gebruik""],[""=="",""typeweg"",""autosnelweg""]]";;;;;;;;;;round;miter;rgb(255,0,0);"[""interpolate"",[""exponential"",1.5],[""zoom""],6,1,20,18]";"[""interpolate"",[""exponential"",1.5],[""zoom""],6,0.2,20,2]";;[4,3];;;;;;;;;;;;;;;;;;
wegdeel_lijn_snelweg_casing50;line;brt_topnl;top50nl_wegdeel_lijn;"[""=="",""type_weg"",""autosnelweg""]";;;;;;;;;;round;miter;rgb(0,0,0);"[""interpolate"",[""exponential"",1.5],[""zoom""],6,1,20,18]";"[""interpolate"",[""exponential"",1.5],[""zoom""],6,0.2,20,2]";"{""stops"":[[6,0],[6.5,1]]}";;;;;;;;;;;;;;;;;;;
wegdeel_lijn_snelweg_casing100;line;brt_topnl;top100nl_wegdeel_lijn;"[""=="",""type_weg"",""autosnelweg""]";;;;;;;;;;round;miter;rgb(0,0,0);"[""interpolate"",[""exponential"",1.5],[""zoom""],6,1,20,18]";"[""interpolate"",[""exponential"",1.5],[""zoom""],6,0.2,20,2]";"{""stops"":[[6,0],[6.5,1]]}";;;;;;;;;;;;;;;;;;;
wegdeel_lijn_snelweg_casing250;line;brt_topnl;top250nl_wegdeel_lijn;"[""=="",""type_weg"",""autosnelweg""]";;;;;;;;;;round;miter;rgb(0,0,0);"[""interpolate"",[""exponential"",1.5],[""zoom""],6,1,20,18]";"[""interpolate"",[""exponential"",1.5],[""zoom""],6,0.2,20,2]";"{""stops"":[[6,0],[6.5,1]]}";;;;;;;;;;;;;;;;;;;
wegdeel_lijn_snelweg_casing500;line;brt_topnl;top500nl_wegdeel_lijn;"[""=="",""type_weg"",""autosnelweg""]";;;;;;;;;;round;miter;rgb(0,0,0);"[""interpolate"",[""exponential"",1.5],[""zoom""],6,1,20,18]";"[""interpolate"",[""exponential"",1.5],[""zoom""],6,0.2,20,2]";"{""stops"":[[6,0],[6.5,1]]}";;;;;;;;;;;;;;;;;;;
wegdeel_lijn_snelweg_casing1000;line;brt_topnl;top1000nl_wegdeel_lijn;"[""=="",""type_weg"",""autosnelweg""]";;;;;;;;;;round;miter;rgb(0,0,0);"[""interpolate"",[""exponential"",1.5],[""zoom""],6,1,20,18]";"[""interpolate"",[""exponential"",1.5],[""zoom""],6,0.2,20,2]";"{""stops"":[[6,0],[6.5,1]]}";;;;;;;;;;;;;;;;;;;
;;;;;;;;;;;;;;;;;;;;;;;;;;;;;;;;;;;;;;
spoorbaandeel_lijn_casing10;line;brt_topnl;top10nl_spoorbaandeel_lijn;;;;;;;;;;;round;miter;rgb(50, 50, 50);"[""interpolate"",[""exponential"",1.5],[""zoom""],6,2,18,20]";;"{""stops"":[[6,0],[6.5,1]]}";;;;;;;;;;;;;;;;;;;
spoorbaandeel_lijn_casing50;line;brt_topnl;top50nl_spoorbaandeel_lijn;;;;;;;;;;;round;miter;rgb(50, 50, 50);"[""interpolate"",[""exponential"",1.5],[""zoom""],6,2,18,20]";;"{""stops"":[[6,0],[6.5,1]]}";;;;;;;;;;;;;;;;;;;
spoorbaandeel_lijn_casing100;line;brt_topnl;top100nl_spoorbaandeel_lijn;;;;;;;;;;;round;miter;rgb(50, 50, 50);"[""interpolate"",[""exponential"",1.5],[""zoom""],6,2,18,20]";;"{""stops"":[[6,0],[6.5,1]]}";;;;;;;;;;;;;;;;;;;
spoorbaandeel_lijn_casing250;line;brt_topnl;top250nl_spoorbaandeel_lijn;;;;;;;;;;;round;miter;rgb(50, 50, 50);"[""interpolate"",[""exponential"",1.5],[""zoom""],6,2,18,20]";;"{""stops"":[[6,0],[6.5,1]]}";;;;;;;;;;;;;;;;;;;
spoorbaandeel_lijn_casing500;line;brt_topnl;top500nl_spoorbaandeel_lijn;;;;;;;;;;;round;miter;rgb(50, 50, 50);"[""interpolate"",[""exponential"",1.5],[""zoom""],6,2,18,20]";;"{""stops"":[[6,0],[6.5,1]]}";;;;;;;;;;;;;;;;;;;
spoorbaandeel_lijn_casing1000;line;brt_topnl;top1000nl_spoorbaandeel_lijn;;;;;;;;;;;round;miter;rgb(50, 50, 50);"[""interpolate"",[""exponential"",1.5],[""zoom""],6,2,18,20]";;"{""stops"":[[6,0],[6.5,1]]}";;;;;;;;;;;;;;;;;;;
;;;;;;;;;;;;;;;;;;;;;;;;;;;;;;;;;;;;;;
wegdeel_vlak_startbaan10;fill;brt_topnl;top10nl_wegdeel_vlak;"[""in"",""typeweg"",""startbaan, landingsbaan"",""startbaan, landingsbaan|overig"",""startbaan, landingsbaan|rolbaan, platform"",""startbaan, landingsbaan|rolbaan, platform|overig"" ]";;;;rgb(200,200,200);;;;;;;;;;;;;;;;;;;;;;;;;;;;;;
wegdeel_vlak_startbaan50;fill;brt_topnl;top50nl_wegdeel_vlak;"[""=="",""type_weg"",""startbaan, landingsbaan""]";;;;rgb(200,200,200);;;;;;;;;;;;;;;;;;;;;;;;;;;;;;
wegdeel_vlak_startbaan100;fill;brt_topnl;top100nl_wegdeel_vlak;"[""=="",""type_weg"",""startbaan, landingsbaan""]";;;;rgb(200,200,200);;;;;;;;;;;;;;;;;;;;;;;;;;;;;;
wegdeel_lijn_startbaan_casing10;line;brt_topnl;top10nl_wegdeel_hartlijn;"[""all"",[""=="", ""status"", ""in gebruik""],[""=="",""typeweg"",""startbaan, landingsbaan""]]";;;;;;;;;;round;miter;rgb(100,100,100);"[""interpolate"",[""exponential"",1.2],[""zoom""],6,1,20,5]";"[""interpolate"",[""exponential"",1.5],[""zoom""],6,1,20,25]";;;;;;;;;;;;;;;;;;;;
wegdeel_lijn_startbaan_casing10 aanleg;line;brt_topnl;top10nl_wegdeel_hartlijn;"[""all"",[""=="", ""status"", ""in uitvoering""],[""=="",""typeweg"",""startbaan, landingsbaan""]]";;;;;;;;;;round;miter;rgb(50,50,50);"[""interpolate"",[""exponential"",1.2],[""zoom""],6,1,20,5]";"[""interpolate"",[""exponential"",1.5],[""zoom""],6,1,20,25]";;[4,3];;;;;;;;;;;;;;;;;;
wegdeel_lijn_startbaan_casing10 buiten gebruik;line;brt_topnl;top10nl_wegdeel_hartlijn;"[""all"",[""=="", ""status"", ""buiten gebruik""],[""=="",""typeweg"",""startbaan, landingsbaan""]]";;;;;;;;;;round;miter;rgb(255,0,0);"[""interpolate"",[""exponential"",1.2],[""zoom""],6,1,20,5]";"[""interpolate"",[""exponential"",1.5],[""zoom""],6,1,20,25]";;[4,3];;;;;;;;;;;;;;;;;;
wegdeel_lijn_startbaan10;line;brt_topnl;top10nl_wegdeel_hartlijn;"[""=="",""typeweg"",""startbaan, landingsbaan""]";;;;;;;;;;round;miter;rgb(160,160,160);"[""interpolate"",[""exponential"",1.5],[""zoom""],6,1,20,25]";;;;;;;;;;;;;;;;;;;;;
wegdeel_lijn_rolbaan10;line;brt_topnl;top10nl_wegdeel_hartlijn;"[""all"",[""=="", ""status"", ""in gebruik""], [""=="",""typeweg"",""rolbaan, platform""]]";;;;;;;;;;round;miter;rgb(176,176,176);"[""interpolate"",[""exponential"",1.5],[""zoom""],12,1,20,15]";;;;;;;;;;;;;;;;;;;;;
wegdeel_lijn_rolbaan10 aanleg;line;brt_topnl;top10nl_wegdeel_hartlijn;"[""all"",[""=="", ""status"", ""in uitvoering""], [""=="",""typeweg"",""rolbaan, platform""]]";;;;;;;;;;round;miter;rgb(176,176,176);"[""interpolate"",[""exponential"",1.5],[""zoom""],12,1,20,15]";;;[4,3];;;;;;;;;;;;;;;;;;
wegdeel_lijn_rolbaan10 buiten gebruik;line;brt_topnl;top10nl_wegdeel_hartlijn;"[""all"",[""=="", ""status"", ""buiten gebruik""], [""=="",""typeweg"",""rolbaan, platform""]]";;;;;;;;;;round;miter;rgb(255,0,0);"[""interpolate"",[""exponential"",1.5],[""zoom""],12,1,20,15]";;;[4,3];;;;;;;;;;;;;;;;;;
;;;;;;;;;;;;;;;;;;;;;;;;;;;;;;;;;;;;;;
;;;;;;;;;;;;;;;;;;;;;;;;;;;;;;;;;;;;;;
;;;;;;;;;;;;;;;;;;;;;;;;;;;;;;;;;;;;;;
;;;;;;;;;;;;;;;;;;;;;;;;;;;;;;;;;;;;;;
wegdeel_lijn_overig_smal;line;brt_topnl;top10nl_wegdeel_hartlijn;"[""all"",[""=="",""typeweg"",""overig""],[""=="",""verhardingsbreedteklasse"",""< 2 meter""]]";;;;;;;;;;round;round;rgb(128,128,128);"[""interpolate"",[""exponential"",1.2],[""zoom""],12,0,13,1,14,2,20,3]";;"{""stops"":[[12,0],[12.5,1]]}";[4,3];;;;;;;;;;;;;;;;;;
wegdeel_lijn_overig10_onv;line;brt_topnl;top10nl_wegdeel_hartlijn;"[""all"",[""=="",""typeweg"",""overig""],[""!="",""verhardingsbreedteklasse"",""< 2 meter""],[""=="",""verhardingstype"",""onverhard""]]";;;;;;;;;;round;miter;rgb(191,191,191);"[""interpolate"",[""exponential"",1.5],[""zoom""],12,0.5,20,8]";;"{""stops"":[[12,0],[12.5,1]]}";;;;;;;;;;;;;;;;;;;
wegdeel_lijn_overig10_half;line;brt_topnl;top10nl_wegdeel_hartlijn;"[""all"",[""=="",""typeweg"",""overig""],[""!="",""verhardingsbreedteklasse"",""< 2 meter""],[""=="",""verhardingstype"",""half verhard""]]";;;;;;;;;;round;miter;rgb(190, 179, 37);"[""interpolate"",[""exponential"",1.5],[""zoom""],12,0.5,20,8]";;"{""stops"":[[12,0],[12.5,1]]}";;;;;;;;;;;;;;;;;;;
wegdeel_lijn_overig10_verh, fietspad;line;brt_topnl;top10nl_wegdeel_hartlijn;"[""all"",[""=="",""typeweg"",""overig""],[""!="",""verhardingsbreedteklasse"",""< 2 meter""],[""any"", [""=="",""verhardingstype"",""verhard""], [""=="",""verhardingstype"",""onbekend""]],[""=="",""hoofdverkeersgebruik"",""fietsers, bromfietsers""]]";;;;;;;;;;round;miter;rgb(202,142,105);"[""interpolate"",[""exponential"",1.5],[""zoom""],12,0.5,20,8]";;"{""stops"":[[12,0],[12.5,1]]}";;;;;;;;;;;;;;;;;;;
wegdeel_lijn_overig10_verh, voetgangers;line;brt_topnl;top10nl_wegdeel_hartlijn;"[""all"",[""=="",""typeweg"",""overig""],[""!="",""verhardingsbreedteklasse"",""< 2 meter""],[""any"", [""=="",""verhardingstype"",""verhard""], [""=="",""verhardingstype"",""onbekend""]],[""=="",""hoofdverkeersgebruik"",""voetgangers""]]";;;;;;;;;;round;miter;rgb(255,229,216);"[""interpolate"",[""exponential"",1.5],[""zoom""],12,0.5,20,8]";;"{""stops"":[[12,0],[12.5,1]]}";;;;;;;;;;;;;;;;;;;
wegdeel_lijn_overig10_verh, overig;line;brt_topnl;top10nl_wegdeel_hartlijn;"[""all"",[""=="",""typeweg"",""overig""],[""!="",""verhardingsbreedteklasse"",""< 2 meter""] ,[""any"", [""=="",""verhardingstype"",""verhard""], [""=="",""verhardingstype"",""onbekend""]], [""all"", [""!="",""hoofdverkeersgebruik"",""fietsers, bromfietsers""],[""!="",""hoofdverkeersgebruik"",""voetgangers""]] ]";;;;;;;;;;round;miter;rgb(255,255,255);"[""interpolate"",[""exponential"",1.5],[""zoom""],12,0.5,20,8]";;"{""stops"":[[12,0],[12.5,1]]}";;;;;;;;;;;;;;;;;;;Overig verhard smal
wegdeel_lijn_overig50;line;brt_topnl;top50nl_wegdeel_lijn;"[""all"",[""=="",""type_weg"",""overig""],[""!="",""verhardingsbreedteklasse"",""< 2 meter""]]";;;;;;;;;;round;miter;rgb(208, 144, 104);"[""interpolate"",[""exponential"",1.5],[""zoom""],12,0.5,20,8]";;"{""stops"":[[12,0],[12.5,1]]}";;;;;;;;;;;;;;;;;;;
wegdeel_lijn_overig100;line;brt_topnl;top100nl_wegdeel_lijn;"[""all"",[""=="",""type_weg"",""overig""],[""!="",""verhardingsbreedteklasse"",""< 2 meter""]]";;;;;;;;;;round;miter;rgb(208, 144, 104);"[""interpolate"",[""exponential"",1.5],[""zoom""],12,0.5,20,8]";;"{""stops"":[[12,0],[12.5,1]]}";;;;;;;;;;;;;;;;;;;
wegdeel_lijn_veerverbinding10;line;brt_topnl;top10nl_wegdeel_hartlijn;"[""=="",""typeweg"",""veerverbinding""]";;;;;;;;;;round;miter;rgb(100, 100, 200);"[""interpolate"",[""exponential"",1.5],[""zoom""],7,0.5,20,8]";;"{""stops"":[[7,0],[7.5,1]]}";[4,3];;;;;;;;;;;;;;;;;;
wegdeel_lijn_veerverbinding50;line;brt_topnl;top50nl_wegdeel_lijn;"[""=="",""type_weg"",""veerverbinding""]";;;;;;;;;;round;miter;rgb(100, 100, 200);"[""interpolate"",[""exponential"",1.5],[""zoom""],7,0.5,20,8]";;"{""stops"":[[7,0],[7.5,1]]}";[4,3];;;;;;;;;;;;;;;;;;
wegdeel_lijn_veerverbinding100;line;brt_topnl;top100nl_wegdeel_lijn;"[""=="",""type_weg"",""veerverbinding""]";;;;;;;;;;round;miter;rgb(100, 100, 200);"[""interpolate"",[""exponential"",1.5],[""zoom""],7,0.5,20,8]";;"{""stops"":[[7,0],[7.5,1]]}";[4,3];;;;;;;;;;;;;;;;;;
wegdeel_lijn_veerverbinding250;line;brt_topnl;top250nl_wegdeel_lijn;"[""=="",""type_weg"",""veerverbinding""]";;;;;;;;;;round;miter;rgb(100, 100, 200);"[""interpolate"",[""exponential"",1.5],[""zoom""],7,0.5,20,8]";;"{""stops"":[[7,0],[7.5,1]]}";[4,3];;;;;;;;;;;;;;;;;;
wegdeel_lijn_veerverbinding500;line;brt_topnl;top500nl_wegdeel_lijn;"[""=="",""type_weg"",""veerverbinding""]";;;;;;;;;;round;miter;rgb(100, 100, 200);"[""interpolate"",[""exponential"",1.5],[""zoom""],7,0.5,20,8]";;"{""stops"":[[7,0],[7.5,1]]}";[4,3];;;;;;;;;;;;;;;;;;
wegdeel_lijn_veerverbinding1000;line;brt_topnl;top1000nl_wegdeel_lijn;"[""=="",""type_weg"",""veerverbinding""]";;;;;;;;;;round;miter;rgb(100, 100, 200);"[""interpolate"",[""exponential"",1.5],[""zoom""],7,0.5,20,8]";;"{""stops"":[[7,0],[7.5,1]]}";[4,3];;;;;;;;;;;;;;;;;;
wegdeel_lijn_straat10;line;brt_topnl;top10nl_wegdeel_hartlijn;"[""in"",""typeweg"",""straat""]";;;;;;;;;;round;miter;rgb(255, 255, 255);"[""interpolate"",[""exponential"",1.5],[""zoom""],12,0.5,20,11]";;"{""stops"":[[12,0],[12.5,1]]}";;;;;;;;;;;;;;;;;;;
wegdeel_lijn_straat50;line;brt_topnl;top50nl_wegdeel_lijn;"[""in"",""type_weg"",""straat""]";;;;;;;;;;round;miter;rgb(255, 255, 255);"[""interpolate"",[""exponential"",1.5],[""zoom""],12,0.5,20,11]";;"{""stops"":[[12,0],[12.5,1]]}";;;;;;;;;;;;;;;;;;;
wegdeel_lijn_straat100;line;brt_topnl;top50nl_wegdeel_lijn;"[""in"",""type_weg"",""straat""]";;;;;;;;;;round;miter;rgb(255, 255, 255);"[""interpolate"",[""exponential"",1.5],[""zoom""],12,0.5,20,11]";;"{""stops"":[[12,0],[12.5,1]]}";;;;;;;;;;;;;;;;;;;
wegdeel_lijn_lokaal10;line;brt_topnl;top10nl_wegdeel_hartlijn;"[""=="",""typeweg"",""lokale weg""]";;;;;;;;;;round;miter;rgb(238, 232, 0);"[""interpolate"",[""exponential"",1.5],[""zoom""],11,0.5,20,18]";;"{""stops"":[[11,0],[11.5,1]]}";;;;;;;;;;;;;;;;;;;
wegdeel_lijn_lokaal50;line;brt_topnl;top50nl_wegdeel_lijn;"[""=="",""type_weg"",""lokale weg""]";;;;;;;;;;round;miter;rgb(238, 232, 0);"[""interpolate"",[""exponential"",1.5],[""zoom""],11,0.5,20,18]";;"{""stops"":[[11,0],[11.5,1]]}";;;;;;;;;;;;;;;;;;;
wegdeel_lijn_lokaal100;line;brt_topnl;top100nl_wegdeel_lijn;"[""=="",""type_weg"",""lokale weg""]";;;;;;;;;;round;miter;rgb(238, 232, 0);"[""interpolate"",[""exponential"",1.5],[""zoom""],11,0.5,20,18]";;"{""stops"":[[11,0],[11.5,1]]}";;;;;;;;;;;;;;;;;;;
wegdeel_lijn_lokaal250;line;brt_topnl;top250nl_wegdeel_lijn;"[""=="",""type_weg"",""lokale weg""]";;;;;;;;;;round;miter;rgb(238, 232, 0);"[""interpolate"",[""exponential"",1.5],[""zoom""],11,0.5,20,18]";;"{""stops"":[[11,0],[11.5,1]]}";;;;;;;;;;;;;;;;;;;
wegdeel_lijn_lokaal500;line;brt_topnl;top500nl_wegdeel_lijn;"[""=="",""type_weg"",""lokale weg""]";;;;;;;;;;round;miter;rgb(238, 232, 0);"[""interpolate"",[""exponential"",1.5],[""zoom""],11,0.5,20,18]";;"{""stops"":[[11,0],[11.5,1]]}";;;;;;;;;;;;;;;;;;;
wegdeel_lijn_regionaal10;line;brt_topnl;top10nl_wegdeel_hartlijn;"[""=="",""typeweg"",""regionale weg""]";;;;;;;;;;round;miter;rgb(251, 180, 0);"[""interpolate"",[""exponential"",1.5],[""zoom""],9,0.5,20,18]";;"{""stops"":[[9,0],[9.5,1]]}";;;;;;;;;;;;;;;;;;;
wegdeel_lijn_regionaal50;line;brt_topnl;top50nl_wegdeel_lijn;"[""=="",""type_weg"",""regionale weg""]";;;;;;;;;;round;miter;rgb(251, 180, 0);"[""interpolate"",[""exponential"",1.5],[""zoom""],9,0.5,20,18]";;"{""stops"":[[9,0],[9.5,1]]}";;;;;;;;;;;;;;;;;;;
wegdeel_lijn_regionaal100;line;brt_topnl;top100nl_wegdeel_lijn;"[""=="",""type_weg"",""regionale weg""]";;;;;;;;;;round;miter;rgb(251, 180, 0);"[""interpolate"",[""exponential"",1.5],[""zoom""],9,0.5,20,18]";;"{""stops"":[[9,0],[9.5,1]]}";;;;;;;;;;;;;;;;;;;
wegdeel_lijn_regionaal250;line;brt_topnl;top250nl_wegdeel_lijn;"[""=="",""type_weg"",""regionale weg""]";;;;;;;;;;round;miter;rgb(251, 180, 0);"[""interpolate"",[""exponential"",1.5],[""zoom""],9,0.5,20,18]";;"{""stops"":[[9,0],[9.5,1]]}";;;;;;;;;;;;;;;;;;;
wegdeel_lijn_regionaal500;line;brt_topnl;top500nl_wegdeel_lijn;"[""=="",""type_weg"",""regionale weg""]";;;;;;;;;;round;miter;rgb(251, 180, 0);"[""interpolate"",[""exponential"",1.5],[""zoom""],9,0.5,20,18]";;"{""stops"":[[9,0],[9.5,1]]}";;;;;;;;;;;;;;;;;;;
wegdeel_lijn_hoofdweg10;line;brt_topnl;top10nl_wegdeel_hartlijn;"[""=="",""typeweg"",""hoofdweg""]";;;;;;;;;;round;miter;rgb(255,0,0);"[""interpolate"",[""exponential"",1.5],[""zoom""],7,1,20,18]";;"{""stops"":[[7,0],[7.5,1]]}";;;;;;;;;;;;;;;;;;;
wegdeel_lijn_hoofdweg50;line;brt_topnl;top50nl_wegdeel_lijn;"[""=="",""type_weg"",""hoofdweg""]";;;;;;;;;;round;miter;rgb(255,0,0);"[""interpolate"",[""exponential"",1.5],[""zoom""],7,1,20,18]";;"{""stops"":[[7,0],[7.5,1]]}";;;;;;;;;;;;;;;;;;;
wegdeel_lijn_hoofdweg100;line;brt_topnl;top100nl_wegdeel_lijn;"[""=="",""type_weg"",""hoofdweg""]";;;;;;;;;;round;miter;rgb(255,0,0);"[""interpolate"",[""exponential"",1.5],[""zoom""],7,1,20,18]";;"{""stops"":[[7,0],[7.5,1]]}";;;;;;;;;;;;;;;;;;;
wegdeel_lijn_hoofdweg250;line;brt_topnl;top250nl_wegdeel_lijn;"[""=="",""type_weg"",""hoofdweg""]";;;;;;;;;;round;miter;rgb(255,0,0);"[""interpolate"",[""exponential"",1.5],[""zoom""],7,1,20,18]";;"{""stops"":[[7,0],[7.5,1]]}";;;;;;;;;;;;;;;;;;;
wegdeel_lijn_hoofdweg500;line;brt_topnl;top500nl_wegdeel_lijn;"[""=="",""type_weg"",""hoofdweg""]";;;;;;;;;;round;miter;rgb(255,0,0);"[""interpolate"",[""exponential"",1.5],[""zoom""],7,1,20,18]";;"{""stops"":[[7,0],[7.5,1]]}";;;;;;;;;;;;;;;;;;;
wegdeel_lijn_hoofdweg10000;line;brt_topnl;top1000nl_wegdeel_lijn;"[""=="",""type_weg"",""hoofdweg""]";;;;;;;;;;round;miter;rgb(255,0,0);"[""interpolate"",[""exponential"",1.5],[""zoom""],7,1,20,18]";;"{""stops"":[[7,0],[7.5,1]]}";;;;;;;;;;;;;;;;;;;
wegdeel_lijn_snelweg10;line;brt_topnl;top10nl_wegdeel_hartlijn;"[""=="",""typeweg"",""autosnelweg""]";;;;;;;;;;round;miter;#7858A0;"[""interpolate"",[""exponential"",1.5],[""zoom""],6,1,20,18]";;"{""stops"":[[6,0],[6.5,1]]}";;;;;;;;;;;;;;;;;;;
wegdeel_lijn_snelweg50;line;brt_topnl;top50nl_wegdeel_lijn;"[""=="",""type_weg"",""autosnelweg""]";;;;;;;;;;round;miter;#7858A0;"[""interpolate"",[""exponential"",1.5],[""zoom""],6,1,20,18]";;"{""stops"":[[6,0],[6.5,1]]}";;;;;;;;;;;;;;;;;;;
wegdeel_lijn_snelweg100;line;brt_topnl;top100nl_wegdeel_lijn;"[""=="",""type_weg"",""autosnelweg""]";;;;;;;;;;round;miter;#7858A0;"[""interpolate"",[""exponential"",1.5],[""zoom""],6,1,20,18]";;"{""stops"":[[6,0],[6.5,1]]}";;;;;;;;;;;;;;;;;;;
wegdeel_lijn_snelweg250;line;brt_topnl;top250nl_wegdeel_lijn;"[""=="",""type_weg"",""autosnelweg""]";;;;;;;;;;round;miter;#7858A0;"[""interpolate"",[""exponential"",1.5],[""zoom""],6,1,20,18]";;"{""stops"":[[6,0],[6.5,1]]}";;;;;;;;;;;;;;;;;;;
wegdeel_lijn_snelweg500;line;brt_topnl;top500nl_wegdeel_lijn;"[""=="",""type_weg"",""autosnelweg""]";;;;;;;;;;round;miter;#7858A0;"[""interpolate"",[""exponential"",1.5],[""zoom""],6,1,20,18]";;"{""stops"":[[6,0],[6.5,1]]}";;;;;;;;;;;;;;;;;;;
wegdeel_lijn_snelweg1000;line;brt_topnl;top1000nl_wegdeel_lijn;"[""=="",""type_weg"",""autosnelweg""]";;;;;;;;;;round;miter;#7858A0;"[""interpolate"",[""exponential"",1.5],[""zoom""],6,1,20,18]";;"{""stops"":[[6,0],[6.5,1]]}";;;;;;;;;;;;;;;;;;;
;;;;;;;;;;;;;;;;;;;;;;;;;;;;;;;;;;;;;;
spoorbaandeel_lijn_enkel10;line;brt_topnl;top10nl_spoorbaandeel_lijn;"[""=="",""aantalsporen"",""enkel""]";;;;;;;;;;butt;round;rgb(255,255,255);"[""interpolate"",[""exponential"",1.5],[""zoom""],6,1,20,18]";;"{""stops"":[[6,0],[6.5,1]]}";[2.5,2.5];;;;;;;;;;;;;;;;;;
spoorbaandeel_lijn_meer10;line;brt_topnl;top10nl_spoorbaandeel_lijn;"[""!="",""aantalsporen"",""enkel""]";;;;;;;;;;butt;round;rgb(255,255,255);"[""interpolate"",[""exponential"",1.5],[""zoom""],6,1,20,18]";;"{""stops"":[[6,0],[6.5,1]]}";[5,5];;;;;;;;;;;;;;;;;;
spoorbaandeel_lijn50;line;brt_topnl;top50nl_spoorbaandeel_lijn;;;;;;;;;;;butt;round;rgb(255,255,255);"[""interpolate"",[""exponential"",1.5],[""zoom""],6,1,20,18]";;"{""stops"":[[6,0],[6.5,1]]}";[5,5];;;;;;;;;;;;;;;;;;
spoorbaandeel_lijn100;line;brt_topnl;top100nl_spoorbaandeel_lijn;;;;;;;;;;;butt;round;rgb(255,255,255);"[""interpolate"",[""exponential"",1.5],[""zoom""],6,1,20,18]";;"{""stops"":[[6,0],[6.5,1]]}";[5,5];;;;;;;;;;;;;;;;;;
spoorbaandeel_lijn250;line;brt_topnl;top250nl_spoorbaandeel_lijn;;;;;;;;;;;butt;round;rgb(255,255,255);"[""interpolate"",[""exponential"",1.5],[""zoom""],6,1,20,18]";;"{""stops"":[[6,0],[6.5,1]]}";[5,5];;;;;;;;;;;;;;;;;;
spoorbaandeel_lijn500;line;brt_topnl;top500nl_spoorbaandeel_lijn;;;;;;;;;;;butt;round;rgb(255,255,255);"[""interpolate"",[""exponential"",1.5],[""zoom""],6,1,20,18]";;"{""stops"":[[6,0],[6.5,1]]}";[5,5];;;;;;;;;;;;;;;;;;
spoorbaandeel_lijn1000;line;brt_topnl;top1000nl_spoorbaandeel_lijn;;;;;;;;;;;butt;round;rgb(255,255,255);"[""interpolate"",[""exponential"",1.5],[""zoom""],6,1,20,18]";;"{""stops"":[[6,0],[6.5,1]]}";[5,5];;;;;;;;;;;;;;;;;;
;;;;;;;;;;;;;;;;;;;;;;;;;;;;;;;;;;;;;;
gebouw_vlak_hoogbouw;fill;brt_topnl;top10nl_gebouw_vlak;"[""=="",""hoogteklasse"",""hoogbouw""]";;;;rgba(181, 31, 31, 1);rgb(0,0,0);;;;;;;;;;;;;;;;;;;;;;;;;;;;;
gebouw_vlak_laagbouw;fill;brt_topnl;top10nl_gebouw_vlak;"[""=="",""hoogteklasse"",""laagbouw""]";;;;rgb(0,0,0);rgb(0,0,0);;;;;;;;;;;;;;;;;;;;;;;;;;;;;
terrein_vlak_bebouwdgebied10;fill;brt_topnl;top10nl_terrein_vlak;"[""=="",""typelandgebruik"",""bebouwd gebied""]";;;;rgb(160,160,160);rgb(0,0,0);;;;;;;;;;;;;;;;;;;;;;;;;;;;;
gebouw_vlak_kassen;fill;brt_topnl;top10nl_gebouw_vlak;"[""in"",""typegebouw"",""kas, warenhuis"",""kas, warenhuis|universiteit"",""kas, warenhuis|zwembad"",""overig|kas, warenhuis""]";;;;rgb(213, 179, 118);rgb(255,0,0);;;;;;;;;;;;;;;;;;;;;;;;;;;;;
gebouw_punt_toren;symbol;brt_topnl;top10nl_gebouw_punt;"[""in"",""typegebouw"",""klokkentoren"",""lichttoren"",""luchtwachttoren"",""radartoren"",""radiotoren"",""radiotoren, televisietoren"",""toren"",""uitzichttoren"",""zendtoren""]";10.0;;;;;;;;;;;;;;;;toren;;;{typegebouw};"[""pdok_OpenSansRegular""]";"{""base"":1.2,""stops"":[[7,8],[11,10]]}";[0,0.3];top;8.0;;;;rgb(100,0,0);rgba(255,255,255,0.8);1.2;;;
gebouw_vlak_toren;symbol;brt_topnl;top10nl_gebouw_vlak;"[""in"",""typegebouw"",""toren"",""toren|school"",""zendtoren"",""telecommunicatietoren"",""radiotoren, televisietoren""]";10.0;;;;;;;;;;;;;;;;toren;;;{typegebouw};"[""pdok_OpenSansRegular""]";"{""base"":1.2,""stops"":[[7,8],[11,10]]}";[0,0.3];top;8.0;;;;rgb(100,0,0);rgba(255,255,255,0.8);1.2;;;
gebouw_punt_watertoren;symbol;brt_topnl;top10nl_gebouw_punt;"[""in"",""typegebouw"",""watertoren""]";10.0;;;;;;;;;;;;;;;;watertoren;;;;;;;;;;;;;;;;;
gebouw_vlak_watertoren;symbol;brt_topnl;top10nl_gebouw_vlak;"[""in"",""typegebouw"",""watertoren""]";10.0;;;;;;;;;;;;;;;;watertoren;;;;;;;;;;;;;;;;;
gebouw_vlak_religieusgebouw;symbol;brt_topnl;top10nl_gebouw_vlak;"[""in"",""typegebouw"",""kapel|kerk"",""kerk"",""moskee"",""synagoge""]";12.0;;;;;;;;;;;;;;;;kerk;;;;;;;;;;;;;;;;;
gebouw_punt_kerktoren;symbol;brt_topnl;top10nl_gebouw_punt;"[""in"",""typegebouw"",""kerk|toren""]";10.0;;;;;;;;;;;;;;;;kerktoren;;[0,-2];;;;;;;;;;;;;;;
gebouw_vlak_kerktoren;symbol;brt_topnl;top10nl_gebouw_vlak;"[""in"",""typegebouw"",""toren|kapel"",""toren|kerk"",""toren|moskee"",""toren|overig religieus gebouw"",""kerk|toren"",""synagoge|toren"",""kapel|toren""]";10.0;;;;;;;;;;;;;;;;kerktoren;;[0,-2];;;;;;;;;;;;;;;
gebouw_punt_vuurtoren;symbol;brt_topnl;top10nl_gebouw_punt;"[""in"",""typegebouw"",""vuurtoren""]";10.0;;;;;;;;;;;;;;;;vuurtoren;;;;;;;;;;;;;;;;;
gebouw_vlak_vuurtoren;symbol;brt_topnl;top10nl_gebouw_vlak;"[""in"",""typegebouw"",""vuurtoren"",""vuurtoren|watertoren""]";10.0;;;;;;;;;;;;;;;;vuurtoren;;;;;;;;;;;;;;;;;
gebouw_punt_bunker;symbol;brt_topnl;top10nl_gebouw_punt;"[""in"",""typegebouw"",""bunker""]";10.0;;;;;;;;;;;;;;;;bunker;TRUE;;{typegebouw};"[""pdok_OpenSansRegular""]";"{""base"":1.2,""stops"":[[7,8],[11,10]]}";[0,0.4];top;8.0;;;;rgb(100,0,0);rgba(255,255,255,0.8);1.2;;;
gebouw_vlak_bunker;symbol;brt_topnl;top10nl_gebouw_vlak;"[""in"",""typegebouw"",""bunker"",""bunker|museum""]";10.0;;;;;;;;;;;;;;;;bunker;TRUE;;{typegebouw};"[""pdok_OpenSansRegular""]";"{""base"":1.2,""stops"":[[7,8],[11,10]]}";[0,0.4];top;8.0;;;;rgb(100,0,0);rgba(255,255,255,0.8);1.2;;;
gebouw_punt_ruine;symbol;brt_topnl;top10nl_gebouw_punt;"[""in"",""typegebouw"",""ru‹ne""]";10.0;;;;;;;;;;;;;;;;ruine;;;{typegebouw};"[""pdok_OpenSansRegular""]";"{""base"":1.2,""stops"":[[7,8],[11,10]]}";[0,0.4];top;8.0;;;;rgb(100,0,0);rgba(255,255,255,0.8);1.2;;;
gebouw_vlak_ruine;symbol;brt_topnl;top10nl_gebouw_vlak;"[""in"",""typegebouw"",""ru‹ne"",""ru‹ne|toren"",""ru‹ne|windmolen:korenmolen""]";10.0;;;;;;;;;;;;;;;;ruine;;;{typegebouw};"[""pdok_OpenSansRegular""]";"{""base"":1.2,""stops"":[[7,8],[11,10]]}";[0,0.4];top;8.0;;;;rgb(100,0,0);rgba(255,255,255,0.8);1.2;;;
gebouw_punt_tankstation;symbol;brt_topnl;top10nl_gebouw_punt;"[""=="",""typegebouw"",""tankstation""]";13.0;;;;;;;;;;;;;;;;tankstation;;;;;;;;;;;;;;;;;
gebouw_vlak_tankstation;symbol;brt_topnl;top10nl_gebouw_vlak;"[""=="",""typegebouw"",""tankstation""]";13.0;;;;;;;;;;;;;;;;tankstation;;;;;;;;;;;;;;;;;
gebouw_punt_parkeerplaats;symbol;brt_topnl;top10nl_gebouw_punt;"[""=="",""typegebouw"",""parkeerdak, parkeerdek, parkeergarage""]";13.0;;;;;;;;;;;;;;;;parkeerplaats;;;;;;;;;;;;;;;;;
gebouw_vlak_parkeerplaats;symbol;brt_topnl;top10nl_gebouw_vlak;"[""=="",""typegebouw"",""parkeerdak, parkeerdek, parkeergarage""]";13.0;;;;;;;;;;;;;;;;parkeerplaats;;;;;;;;;;;;;;;;;
gebouw_vlak_gemeentehuis;symbol;brt_topnl;top10nl_gebouw_vlak;"[""in"",""typegebouw"",""gemeentehuis"",""gemeentehuis|huizenblok"",""gemeentehuis|huizenblok|postkantoor"",""gemeentehuis|huizenblok|toren"",""gemeentehuis|kerk"",""gemeentehuis|parkeerdak, parkeerdek, parkeergarage"",""gemeentehuis|politiebureau"",""gemeentehuis|school"",""gemeentehuis|stadskantoor, hulpsecretarie"",""gemeentehuis|toren""]";13.0;;;;;;;;;;;;;;;;gemeentehuis;;[0,-5];;;;;;;;;;;;;;;
gebouw_vlak_postkantoor;symbol;brt_topnl;top10nl_gebouw_vlak;"[""in"",""typegebouw"",""postkantoor"",""postkantoor|stadion"",""postkantoor|stationsgebouw"",""postkantoor|tankstation"",""postkantoor|ziekenhuis""]";13.0;;;;;;;;;;;;;;;;postkantoor;;[0,-5];;;;;;;;;;;;;;;
gebouw_vlak_politiebureau;symbol;brt_topnl;top10nl_gebouw_vlak;"[""in"",""typegebouw"",""politiebureau"",""politiebureau|sporthal"",""politiebureau|stadskantoor, hulpsecretarie""]";13.0;;;;;;;;;;;;;;;;politiebureau;;[0,-5];;;;;;;;;;;;;;;
gebouw_punt_gemaal;symbol;brt_topnl;top10nl_gebouw_punt;"[""=="",""typegebouw"",""gemaal""]";13.0;;;;;;;;;;;;;;;;gemaal;;[0,0];;;;;;;;;;;;;;;
gebouw_vlak_gemaal;symbol;brt_topnl;top10nl_gebouw_vlak;"[""in"",""typegebouw"",""gemaal""]";13.0;;;;;;;;;;;;;;;;gemaal;;[0,0];;;;;;;;;;;;;;;
gebouw_vlak_windturbine;symbol;brt_topnl;top10nl_gebouw_punt;"[""in"",""typegebouw"",""windturbine""]";13.0;;;;;;;;;;;;;;;;windturbine;;[0,-3];;;;;;;;;;;;;;;
gebouw_punt_watermolen;symbol;brt_topnl;top10nl_gebouw_punt;"[""=="",""typegebouw"",""waterradmolen""]";13.0;;;;;;;;;;;;;;;;watermolen;;[0,0];;;;;;;;;;;;;;;
gebouw_vlak_watermolen;symbol;brt_topnl;top10nl_gebouw_vlak;"[""in"",""typegebouw"",""waterradmolen"",""huizenblok|waterradmolen"",""kasteel|waterradmolen"",""museum|waterradmolen""]";13.0;;;;;;;;;;;;;;;;watermolen;;[0,0];;;;;;;;;;;;;;;
gebouw_punt_windmolen;symbol;brt_topnl;top10nl_gebouw_punt;"[""in"",""typegebouw"",""windmolen"",""windmolen: korenmolen"",""windmolen: watermolen""]";13.0;;;;;;;;;;;;;;;;windmolen;TRUE;[8,0];;;;;;;;;;;;;;;
gebouw_vlak_windmolen;symbol;brt_topnl;top10nl_gebouw_vlak;"[""in"",""typegebouw"",""gemaal|windmolen"",""gemaal|windmolen: watermolen"",""overig|windmolen"",""ru‹ne|windmolen: korenmolen"",""windmolen"",""windmolen: korenmolen"",""windmolen: watermolen""]";13.0;;;;;;;;;;;;;;;;windmolen;TRUE;[8,0];;;;;;;;;;;;;;;
gebouw_punt_kapel;symbol;brt_topnl;top10nl_gebouw_punt;"[""=="",""typegebouw"",""kapel""]";13.0;;;;;;;;;;;;;;;;kapel;;[0,-3];;;;;;;;;;;;;;;
gebouw_vlak_kapel;symbol;brt_topnl;top10nl_gebouw_vlak;"[""in"",""typegebouw"",""huizenblok|kapel"",""huizenblok|kapel|toren"",""kapel"",""overig|kapel""]";13.0;;;;;;;;;;;;;;;;kapel;;[0,-3];;;;;;;;;;;;;;;
gebouw_vlak_ziekenhuis;symbol;brt_topnl;top10nl_gebouw_vlak;"[""in"",""typegebouw"",""ziekenhuis"",""ziekenhuis|school"",""ziekenhuis|school|universiteit"",""ziekenhuis|universiteit""]";13.0;;;;;;;;;;;;;;;;ziekenhuis;TRUE;[0,0];;;;;;;;;;;;;;;
wegdeel_vlak_parkeerplaats;symbol;brt_topnl;top10nl_wegdeel_vlak;"[""in"",""typeweg"",""parkeerplaats"",""parkeerplaats: carpool"",""parkeerplaats: P+R""]";13.0;;;;;;;;;;;;;;;;parkeerplaats;;;;;;;;;;;;;;;;;
;;;;;;;;;;;;;;;;;;;;;;;;;;;;;;;;;;;;;;
inrichting_hunebed;symbol;brt_topnl;top10nl_inrichtingselement_punt;"[""=="",""typeinrichtingselement"",""hunebed""]";10.0;;;;;;;;;;;;;;;;hunebed;;;{naam};"[""pdok_OpenSansRegular""]";"{""base"":1.2,""stops"":[[7,8],[11,10]]}";[0,0.3];top;8.0;;;;rgb(100,0,0);rgba(255,255,255,0.8);1.2;;;
inrichting_gps;symbol;brt_topnl;top10nl_inrichtingselement_punt;"[""=="",""typeinrichtingselement"",""GPS kernnetpunt""]";10.0;;;;;;;;;;;;;;;;gps;;;{naam};"[""pdok_OpenSansRegular""]";"{""base"":1.2,""stops"":[[7,8],[11,10]]}";[0,0.3];top;8.0;;;;rgb(100,0,0);rgba(255,255,255,0.8);1.2;;;
inrichting_markantobject;symbol;brt_topnl;top10nl_inrichtingselement_punt;"[""=="",""typeinrichtingselement"",""markant object""]";10.0;;;;;;;;;;;;;;;;markantpunt;;;{naam};"[""pdok_OpenSansRegular""]";"{""base"":1.2,""stops"":[[7,8],[11,10]]}";[0,0.3];top;8.0;;;;rgb(100,0,0);rgba(255,255,255,0.8);1.2;;;
inrichting_monument;symbol;brt_topnl;top10nl_inrichtingselement_punt;"[""=="",""typeinrichtingselement"",""gedenkteken, monument""]";10.0;;;;;;;;;;;;;;;;monument;;[0,-3];;;;;;;;;;;;;;;
inrichting_wegwijzer;symbol;brt_topnl;top10nl_inrichtingselement_punt;"[""=="",""typeinrichtingselement"",""wegwijzer""]";13.0;;;;;;;;;;;;;;;;wegwijzer;;[0,-3];;;;;;;;;;;;;;;
inrichting_kruis;symbol;brt_topnl;top10nl_inrichtingselement_punt;"[""=="",""typeinrichtingselement"",""kruis""]";13.0;;;;;;;;;;;;;;;;kruis;;[0,-3];;;;;;;;;;;;;;;
inrichting_vlampijp;symbol;brt_topnl;top10nl_inrichtingselement_punt;"[""=="",""typeinrichtingselement"",""vlampijp""]";10.0;;;;;;;;;;;;;;;;vlampijp;;[0,-3];;;;;;;;;;;;;;;
inrichting_radiotelescoop10;symbol;brt_topnl;top10nl_inrichtingselement_punt;"[""=="",""typeinrichtingselement"",""radiotelescoop""]";10.0;;;;;;;;;;;;;;;;telescoop;TRUE;[0,-5];;;;;;;;;;;;;;;
inrichting_radiotelescoop50;symbol;brt_topnl;top50nl_inrichtingselement_punt;"[""=="",""type_inrichtingselement"",""radiotelescoop""]";10.0;;;;;;;;;;;;;;;;telescoop;TRUE;[0,-5];;;;;;;;;;;;;;;
inrichting_seinmast;symbol;brt_topnl;top10nl_inrichtingselement_punt;"[""=="",""typeinrichtingselement"",""seinmast""]";13.0;;;;;;;;;;;;;;;;seinmast;;[0,-5];;;;;;;;;;;;;;;
inrichting_zendmast;symbol;brt_topnl;top10nl_inrichtingselement_punt;"[""=="",""typeinrichtingselement"",""zendmast""]";13.0;;;;;;;;;;;;;;;;zendmast;;[0,-5];;;;;;;;;;;;;;;
inrichting_baak;symbol;brt_topnl;top10nl_inrichtingselement_punt;"[""=="",""typeinrichtingselement"",""baak""]";13.0;;;;;;;;;;;;;;;;baak;;[0,-5];;;;;;;;;;;;;;;
inrichting_kilometerraaibord;symbol;brt_topnl;top10nl_inrichtingselement_punt;"[""=="",""typeinrichtingselement"",""kilometerraaibord""]";13.0;;;;;;;;;;;;;;;;kilometerraaibord;;[0,-5];;;;;;;;;;;;;;;
inrichting_scheepvaartlicht;symbol;brt_topnl;top10nl_inrichtingselement_punt;"[""=="",""typeinrichtingselement"",""scheepvaartlicht""]";13.0;;;;;;;;;;;;;;;;scheepvaartlicht;;[0,-5];;;;;;;;;;;;;;;
inrichting_peilschaal;symbol;brt_topnl;top10nl_inrichtingselement_punt;"[""=="",""typeinrichtingselement"",""peilschaal""]";13.0;;;;;;;;;;;;;;;;peilschaal;;[0,-5];;;;;;;;;;;;;;;
inrichting_windmolentje;symbol;brt_topnl;top10nl_inrichtingselement_punt;"[""=="",""typeinrichtingselement"",""windmolentje""]";13.0;;;;;;;;;;;;;;;;windmotor;;[0,-5];;;;;;;;;;;;;;;
inrichting_boom;symbol;brt_topnl;top10nl_inrichtingselement_punt;"[""=="",""typeinrichtingselement"",""boom""]";15.0;;;;;;;;;;;;;;;;boom;;[0,0];;;;;;;;;;;;;;;
inrichting_hoogspanningsmast;symbol;brt_topnl;top10nl_inrichtingselement_punt;"[""=="",""typeinrichtingselement"",""hoogspanningsmast""]";13.0;;;;;;;;;;;;;;;;hoogspanningsmast;;[0,0];;;;;;;;;;;;;;;
inrichting_hoogspanningsleiding10;line;brt_topnl;top10nl_inrichtingselement_lijn;"[""=="",""typeinrichtingselement"",""hoogspanningsleiding""]";;;;;;;;;;round;miter;rgb(0,0,0);"[""interpolate"",[""exponential"",1.5],[""zoom""],10,0.5,20,3]";;"{""stops"":[[10,0],[10.5,1]]}";;;;;;;;;;;;;;;;;;;
inrichting_hoogspanningsleiding50;line;brt_topnl;top50nl_inrichtingselement_lijn;"[""=="",""type_inrichtingselement"",""hoogspanningsleiding""]";;;;;;;;;;round;miter;rgb(0,0,0);"[""interpolate"",[""exponential"",1.5],[""zoom""],10,0.5,20,3]";;"{""stops"":[[10,0],[10.5,1]]}";;;;;;;;;;;;;;;;;;;
inrichting_hoogspanningsleiding100;line;brt_topnl;top100nl_inrichtingselement_lijn;"[""=="",""type_inrichtingselement"",""hoogspanningsleiding""]";;;;;;;;;;round;miter;rgb(0,0,0);"[""interpolate"",[""exponential"",1.5],[""zoom""],10,0.5,20,3]";;"{""stops"":[[10,0],[10.5,1]]}";;;;;;;;;;;;;;;;;;;
inrichting_hoogspanningsleiding250;line;brt_topnl;top250nl_inrichtingselement_lijn;"[""=="",""type_element"",""hoogspanningsleiding""]";;;;;;;;;;round;miter;rgb(0,0,0);"[""interpolate"",[""exponential"",1.5],[""zoom""],10,0.5,20,3]";;"{""stops"":[[10,0],[10.5,1]]}";;;;;;;;;;;;;;;;;;;
inrichting_hoogspanningsleiding500;line;brt_topnl;top500nl_inrichtingselement_lijn;"[""=="",""type_element"",""hoogspanningsleiding""]";;;;;;;;;;round;miter;rgb(0,0,0);"[""interpolate"",[""exponential"",1.5],[""zoom""],10,0.5,20,3]";;"{""stops"":[[10,0],[10.5,1]]}";;;;;;;;;;;;;;;;;;;
inrichting_hekwerk_paaltjes;symbol;brt_topnl;top10nl_inrichtingselement_lijn;"[""=="",""typeinrichtingselement"",""hekwerk""]";12.0;;;;;;line;;16.0;;;;;;;;hekwerk;;[0,0];;;;;;;;;;;;;;;
inrichting_hekwerk;line;brt_topnl;top10nl_inrichtingselement_lijn;"[""=="",""typeinrichtingselement"",""hekwerk""]";12.0;;;;;;;;;round;miter;rgb(0,0,0);"[""interpolate"",[""exponential"",1.5],[""zoom""],10,0.5,20,3]";;;;;;;;;;;;;;;;;;;;;
inrichting_schietbaan;line;brt_topnl;top10nl_inrichtingselement_lijn;"[""=="",""typeinrichtingselement"",""schietbaan""]";12.0;;;;;;;;;round;miter;rgb(0,0,0);"[""interpolate"",[""exponential"",1.5],[""zoom""],10,0.5,20,3]";;;;;;;;;;;;;;;;;;;;;
inrichting_kogelvanger;symbol;brt_topnl;top10nl_inrichtingselement_punt;"[""=="",""typeinrichtingselement"",""kogelvanger schietbaan""]";12.0;;;;;;;;;;;;;;;;kogelvanger;;[0,0];;;;;;;;;;;;;;;
inrichting_muur;line;brt_topnl;top10nl_inrichtingselement_lijn;"[""=="",""typeinrichtingselement"",""muur""]";12.0;;;;;;;;;round;miter;rgb(255,0,0);"[""interpolate"",[""exponential"",1.5],[""zoom""],10,0.8,20,6]";;;;;;;;;;;;;;;;;;;;;
inrichting_geluidwering;line;brt_topnl;top10nl_inrichtingselement_lijn;"[""=="",""typeinrichtingselement"",""geluidswering""]";12.0;;;;;;;;;round;miter;rgb(0,0,100);"[""interpolate"",[""exponential"",1.5],[""zoom""],10,1,20,7]";;;;;;;;;;;;;;;;;;;;;
functioneelgebied_vlak_kampeerterrein;symbol;brt_topnl;top10nl_functioneel_gebied_vlak;"[""=="",""typefunctioneelgebied"",""camping, kampeerterrein""]";13.0;;;;;;;;;;;;;;;;kampeerterrein;;[0,0];;;;;;;;;;;;;;;
functioneelgebied_multivlak_kampeerterrein;symbol;brt_topnl;top10nl_functioneel_gebied_multivlak;"[""=="",""typefunctioneelgebied"",""camping, kampeerterrein""]";13.0;;;;;;;;;;;;;;;;kampeerterrein;;[0,0];;;;;;;;;;;;;;;
functioneelgebied_vlak_ziekenhuiscomplex;symbol;brt_topnl;top10nl_functioneel_gebied_vlak;"[""=="",""typefunctioneelgebied"",""ziekenhuiscomplex""]";13.0;;;;;;;;;;;;;;;;ziekenhuis;;[0,0];;;;;;;;;;;;;;;
functioneelgebied_multivlak_ziekenhuiscomplex;symbol;brt_topnl;top10nl_functioneel_gebied_multivlak;"[""=="",""typefunctioneelgebied"",""ziekenhuiscomplex""]";13.0;;;;;;;;;;;;;;;;ziekenhuis;;[0,0];;;;;;;;;;;;;;;
;;;;;;;;;;;;;;;;;;;;;;;;;;;;;;;;;;;;;;
snelweglabelA10;symbol;brt_topnl;top10nl_wegdeel_hartlijn;"[""=="",""typeweg"",""autosnelweg""]";8.5;;;;;;line;TRUE;500.0;;;;;;;;;;;{awegnummer};"[""pdok_OpenSansRegular""]";12;;;10.0;;;1.5;rgb(255,255,255);rgb(255,0,0);5.0;5.0;;
snelweglabelA50;symbol;brt_topnl;top50nl_wegdeel_lijn;"[""=="",""type_weg"",""autosnelweg""]";8.5;;;;;;line;TRUE;500.0;;;;;;;;;;;{wegnummer_a_weg};"[""pdok_OpenSansRegular""]";12;;;10.0;;;1.5;rgb(255,255,255);rgb(255,0,0);5.0;5.0;;
snelweglabelA100;symbol;brt_topnl;top100nl_wegdeel_lijn;"[""=="",""type_weg"",""autosnelweg""]";8.5;;;;;;line;TRUE;500.0;;;;;;;;;;;{wegnummer_a_weg};"[""pdok_OpenSansRegular""]";12;;;10.0;;;1.5;rgb(255,255,255);rgb(255,0,0);5.0;5.0;;
snelweglabelA250;symbol;brt_topnl;top250nl_wegdeel_lijn;"[""=="",""type_weg"",""autosnelweg""]";8.5;;;;;;line;TRUE;500.0;;;;;;;;;;;{awegnummer};"[""pdok_OpenSansRegular""]";12;;;10.0;;;1.5;rgb(255,255,255);rgb(255,0,0);5.0;5.0;;
snelweglabelA500;symbol;brt_topnl;top500nl_wegdeel_lijn;"[""=="",""type_weg"",""autosnelweg""]";8.5;;;;;;line;TRUE;500.0;;;;;;;;;;;{awegnummer};"[""pdok_OpenSansRegular""]";12;;;10.0;;;1.5;rgb(255,255,255);rgb(255,0,0);5.0;5.0;;
snelweglabelA1000;symbol;brt_topnl;top1000nl_wegdeel_lijn;"[""=="",""type_weg"",""autosnelweg""]";8.5;;;;;;line;TRUE;500.0;;;;;;;;;;;{awegnummer};"[""pdok_OpenSansRegular""]";12;;;10.0;;;1.5;rgb(255,255,255);rgb(255,0,0);5.0;5.0;;
snelweglabelE10;symbol;brt_topnl;top10nl_wegdeel_hartlijn;"[""=="",""typeweg"",""autosnelweg""]";8.5;;;;;;line;TRUE;450.0;;;;;;;;;;;{ewegnummer};"[""pdok_OpenSansRegular""]";12;;;10.0;;;1.5;rgb(255,255,255);rgb(0,125,0);5.0;5.0;;
snelweglabelE50;symbol;brt_topnl;top50nl_wegdeel_lijn;"[""=="",""type_weg"",""autosnelweg""]";8.5;;;;;;line;TRUE;450.0;;;;;;;;;;;{wegnummer_e_weg};"[""pdok_OpenSansRegular""]";12;;;10.0;;;1.5;rgb(255,255,255);rgb(0,125,0);5.0;5.0;;
snelweglabelE100;symbol;brt_topnl;top100nl_wegdeel_lijn;"[""=="",""type_weg"",""autosnelweg""]";8.5;;;;;;line;TRUE;450.0;;;;;;;;;;;{wegnummer_e_weg};"[""pdok_OpenSansRegular""]";12;;;10.0;;;1.5;rgb(255,255,255);rgb(0,125,0);5.0;5.0;;
snelweglabelE250;symbol;brt_topnl;top250nl_wegdeel_lijn;"[""=="",""type_weg"",""autosnelweg""]";8.5;;;;;;line;TRUE;450.0;;;;;;;;;;;{ewegnummer};"[""pdok_OpenSansRegular""]";12;;;10.0;;;1.5;rgb(255,255,255);rgb(0,125,0);5.0;5.0;;
snelweglabelE500;symbol;brt_topnl;top500nl_wegdeel_lijn;"[""=="",""type_weg"",""autosnelweg""]";8.5;;;;;;line;TRUE;450.0;;;;;;;;;;;{ewegnummer};"[""pdok_OpenSansRegular""]";12;;;10.0;;;1.5;rgb(255,255,255);rgb(0,125,0);5.0;5.0;;
snelweglabelE1000;symbol;brt_topnl;top1000nl_wegdeel_lijn;"[""=="",""type_weg"",""autosnelweg""]";8.5;;;;;;line;TRUE;450.0;;;;;;;;;;;{ewegnummer};"[""pdok_OpenSansRegular""]";12;;;10.0;;;1.5;rgb(255,255,255);rgb(0,125,0);5.0;5.0;;
snelweglabelN10;symbol;brt_topnl;top10nl_wegdeel_hartlijn;"[""=="",""typeweg"",""hoofdweg""]";10.0;;;;;;line;TRUE;450.0;;;;;;;;;;;{nwegnummer};"[""pdok_OpenSansRegular""]";12;;;10.0;;;1.5;rgb(0,0,0);rgb(255,255,0);5.0;5.0;;
snelweglabelN50;symbol;brt_topnl;top50nl_wegdeel_lijn;"[""=="",""type_weg"",""hoofdweg""]";10.0;;;;;;line;TRUE;450.0;;;;;;;;;;;{wegnummer_n_weg};"[""pdok_OpenSansRegular""]";12;;;10.0;;;1.5;rgb(0,0,0);rgb(255,255,0);5.0;5.0;;
snelweglabelN100;symbol;brt_topnl;top100nl_wegdeel_lijn;"[""=="",""type_weg"",""hoofdweg""]";10.0;;;;;;line;TRUE;450.0;;;;;;;;;;;{wegnummer_n_weg};"[""pdok_OpenSansRegular""]";12;;;10.0;;;1.5;rgb(0,0,0);rgb(255,255,0);5.0;5.0;;
snelweglabelN250;symbol;brt_topnl;top250nl_wegdeel_lijn;"[""=="",""type_weg"",""hoofdweg""]";10.0;;;;;;line;TRUE;450.0;;;;;;;;;;;{nwegnummer};"[""pdok_OpenSansRegular""]";12;;;10.0;;;1.5;rgb(0,0,0);rgb(255,255,0);5.0;5.0;;
snelweglabelN500;symbol;brt_topnl;top500nl_wegdeel_lijn;"[""=="",""type_weg"",""hoofdweg""]";10.0;;;;;;line;TRUE;450.0;;;;;;;;;;;{nwegnummer};"[""pdok_OpenSansRegular""]";12;;;10.0;;;1.5;rgb(0,0,0);rgb(255,255,0);5.0;5.0;;
snelweglabelN1000;symbol;brt_topnl;top1000nl_wegdeel_lijn;"[""=="",""type_weg"",""hoofdweg""]";10.0;;;;;;line;TRUE;450.0;;;;;;;;;;;{nwegnummer};"[""pdok_OpenSansRegular""]";12;;;10.0;;;1.5;rgb(0,0,0);rgb(255,255,0);5.0;5.0;;
snelweglabelS10;symbol;brt_topnl;top10nl_wegdeel_hartlijn;;10.0;;;;;;line;TRUE;450.0;;;;;;;;;;;{swegnummer};"[""pdok_OpenSansRegular""]";12;;;10.0;;;1.5;rgb(0,0,0);rgb(255,255,255);5.0;5.0;;
snelweglabelS50;symbol;brt_topnl;top50nl_wegdeel_lijn;;10.0;;;;;;line;TRUE;450.0;;;;;;;;;;;{wegnummer_s_weg};"[""pdok_OpenSansRegular""]";12;;;10.0;;;1.5;rgb(0,0,0);rgb(255,255,255);5.0;5.0;;
snelweglabelS100;symbol;brt_topnl;top100nl_wegdeel_lijn;;10.0;;;;;;line;TRUE;450.0;;;;;;;;;;;{wegnummer_s_weg};"[""pdok_OpenSansRegular""]";12;;;10.0;;;1.5;rgb(0,0,0);rgb(255,255,255);5.0;5.0;;
snelweglabelS250;symbol;brt_topnl;top250nl_wegdeel_lijn;;10.0;;;;;;line;TRUE;450.0;;;;;;;;;;;{swegnummer};"[""pdok_OpenSansRegular""]";12;;;10.0;;;1.5;rgb(0,0,0);rgb(255,255,255);5.0;5.0;;
snelweglabelS500;symbol;brt_topnl;top500nl_wegdeel_lijn;;10.0;;;;;;line;TRUE;450.0;;;;;;;;;;;{swegnummer};"[""pdok_OpenSansRegular""]";12;;;10.0;;;1.5;rgb(0,0,0);rgb(255,255,255);5.0;5.0;;
snelweglabelS1000;symbol;brt_topnl;top1000nl_wegdeel_lijn;;10.0;;;;;;line;TRUE;450.0;;;;;;;;;;;{swegnummer};"[""pdok_OpenSansRegular""]";12;;;10.0;;;1.5;rgb(0,0,0);rgb(255,255,255);5.0;5.0;;
afritnummer10;symbol;brt_topnl;top10nl_wegdeel_hartlijn;;10.0;;;;;;;;;;;;;;;;;;;{afritnummer};"[""pdok_OpenSansRegular""]";12;;;10.0;;;1.5;rgb(255,255,255);rgb(0,129,225);5.0;5.0;;
afritnummer50;symbol;brt_topnl;top50nl_wegdeel_lijn;;10.0;;;;;;;;;;;;;;;;;;;{afritnummer};"[""pdok_OpenSansRegular""]";12;;;10.0;;;1.5;rgb(255,255,255);rgb(0,129,225);5.0;5.0;;
wegdeel_lijn_straatnaam10;symbol;brt_topnl;top10nl_wegdeel_hartlijn;;13.0;;;;;;line;TRUE;;;;;;;;;;;;{naam};"[""pdok_OpenSansRegular""]";12;;;10.0;;;1.5;rgb(0,0,0);rgb(255,255,255);2.0;2.0;;
wegdeel_lijn_straatnaam50;symbol;brt_topnl;top50nl_wegdeel_lijn;;13.0;;;;;;line;TRUE;;;;;;;;;;;;{nederlandse_straatnaam};"[""pdok_OpenSansRegular""]";12;;;10.0;;;1.5;rgb(0,0,0);rgb(255,255,255);2.0;2.0;;
wegdeel_lijn_straatnaam100;symbol;brt_topnl;top100nl_wegdeel_lijn;;13.0;;;;;;line;TRUE;;;;;;;;;;;;{nederlandse_straatnaam};"[""pdok_OpenSansRegular""]";12;;;10.0;;;1.5;rgb(0,0,0);rgb(255,255,255);2.0;2.0;;
wegdeel_lijn_straatnaam250;symbol;brt_topnl;top250nl_wegdeel_lijn;;13.0;;;;;;line;TRUE;;;;;;;;;;;;{naam};"[""pdok_OpenSansRegular""]";12;;;10.0;;;1.5;rgb(0,0,0);rgb(255,255,255);2.0;2.0;;
wegdeel_lijn_straatnaam500;symbol;brt_topnl;top500nl_wegdeel_lijn;;13.0;;;;;;line;TRUE;;;;;;;;;;;;{naam};"[""pdok_OpenSansRegular""]";12;;;10.0;;;1.5;rgb(0,0,0);rgb(255,255,255);2.0;2.0;;
wegdeel_lijn_straatnaam1000;symbol;brt_topnl;top1000nl_wegdeel_lijn;;13.0;;;;;;line;TRUE;;;;;;;;;;;;{naam};"[""pdok_OpenSansRegular""]";12;;;10.0;;;1.5;rgb(0,0,0);rgb(255,255,255);2.0;2.0;;
plaats_vlak_stadsnaam10;symbol;brt_topnl;top10nl_plaats_vlak;"[""all"",[""=="",""typegebied"",""woonkern""],["">="",""aantalinwoners"",100000]]";7.0;;;;;;;;;;;;;;;;;;;{naamofficieel};"[""pdok_OpenSansRegular""]";"{""base"":1.2,""stops"":[[7,18],[11,24]]}";[0,0];bottom;8.0;uppercase;;;rgb(51, 51, 51);rgba(255,255,255,0.8);1.2;;;
plaats_multivlak_stadsnaam10;symbol;brt_topnl;top10nl_plaats_multivlak;"[""all"",[""=="",""typegebied"",""woonkern""],["">="",""aantalinwoners"",100000]]";7.0;;;;;;;;;;;;;;;;;;;{naamnl};"[""pdok_OpenSansRegular""]";"{""base"":1.2,""stops"":[[7,18],[11,24]]}";[0,0];bottom;8.0;uppercase;;;rgb(51, 51, 51);rgba(255,255,255,0.8);1.2;;;
plaats_vlak_dorpsnaam10;symbol;brt_topnl;top10nl_plaats_vlak;"[""all"",[""=="",""typegebied"",""woonkern""],[""<"",""aantalinwoners"",100000]]";7.0;;;;;;;;;;;;;;;;;;;{naamnl};"[""pdok_OpenSansRegular""]";"{""base"":1.2,""stops"":[[7,12],[11,16]]}";[0,0];bottom;8.0;;;;rgb(51, 51, 51);rgba(255,255,255,0.8);1.2;;;
plaats_multivlak_dorpsnaam10;symbol;brt_topnl;top10nl_plaats_multivlak;"[""all"",[""=="",""typegebied"",""woonkern""],[""<"",""aantalinwoners"",100000]]";7.0;;;;;;;;;;;;;;;;;;;{naamnl};"[""pdok_OpenSansRegular""]";"{""base"":1.2,""stops"":[[7,12],[11,16]]}";[0,0];bottom;8.0;;;;rgb(51, 51, 51);rgba(255,255,255,0.8);1.2;;;
plaats_punt_stadsnaam250;symbol;brt_topnl;top250nl_plaats_punt;;10.0;;;;;;;;;;;;;;;;;;;{nederlandse_naam};"[""pdok_OpenSansRegular""]";10;[0,0];bottom;8.0;uppercase;;;rgb(51, 51, 51);rgba(255,255,255,0.8);1.2;;;
plaats_vlak_stadsnaam250;symbol;brt_topnl;top250nl_plaats_vlak;;7.0;;;;;;;;;;;;;;;;;;;{nederlandse_naam};"[""pdok_OpenSansRegular""]";10;[0,0];bottom;8.0;uppercase;;;rgb(51, 51, 51);rgba(255,255,255,0.8);1.2;;;
plaats_vlak_stadsnaam500;symbol;brt_topnl;top500nl_plaats_vlak;;7.0;;;;;;;;;;;;;;;;;;;{nederlandse_naam};"[""pdok_OpenSansRegular""]";10;[0,0];bottom;8.0;uppercase;;;rgb(51, 51, 51);rgba(255,255,255,0.8);1.2;;;
plaats_vlak_stadsnaam1000;symbol;brt_topnl;top1000nl_plaats_vlak;;7.0;;;;;;;;;;;;;;;;;;;{nederlandse_naam};"[""pdok_OpenSansRegular""]";10;[0,0];bottom;8.0;uppercase;;;rgb(51, 51, 51);rgba(255,255,255,0.8);1.2;;;
;;;;;;;;;;;;;;;;;;;;;;;;;;;;;;;;;;;;;;
waterdeel_vlak_waternaam;symbol;brt_topnl;top10nl_geografisch_gebied_vlak;"[""in"",""typegeografischgebied"",""watergebied"",""bank, ondiepte, plaat"",""geul, vaargeul""]";7.0;;;;;;;;;;;;;;;;;;;{naamnl};"[""pdok_OpenSansRegular""]";"{""base"":1.2,""stops"":[[7,8],[11,10]]}";[0,0];bottom;8.0;;;;rgb(0,0,255);rgba(255,255,255,0.8);1.2;;;
waterdeel_vlak_plasnaam;symbol;brt_topnl;top10nl_waterdeel_vlak;"[""in"",""typewater"",""meer, plas""]";7.0;;;;;;;;;;;;;;;;;;;{naamnl};"[""pdok_OpenSansRegular""]";"{""base"":1.2,""stops"":[[7,8],[11,10]]}";[0,0];bottom;8.0;;;;rgb(0,0,255);rgba(255,255,255,0.8);1.2;;;
gebouw_vlak_gebouwnaam;symbol;brt_topnl;top10nl_gebouw_vlak;;15.0;;;;;;;;;;;;;;;;;;;{naam};"[""pdok_OpenSansRegular""]";"{""base"":1.2,""stops"":[[7,8],[11,10]]}";[0,3];bottom;8.0;;;;rgb(0,0,255);rgba(255,255,255,0.8);1.2;;;
geografisch_vlak_bosnaam;symbol;brt_topnl;top10nl_geografisch_gebied_vlak;"[""in"",""typegeografischgebied"",""bosgebied""]";13.0;;;;;;;;;;;;;;;;;;;{naamnl};"[""pdok_OpenSansRegular""]";"{""base"":1.2,""stops"":[[7,12],[11,16]]}";[0,0];bottom;8.0;;;;rgb(0,100,0);rgba(255,255,255,0.8);1.2;;;
geografisch_vlak_veldnaam;symbol;brt_topnl;top10nl_geografisch_gebied_vlak;"[""in"",""typegeografischgebied"", ""streek, veld""]";14.0;;;;;;;;;;;;;;;;;;;{naamnl};"[""pdok_OpenSansRegular""]";"{""base"":1.2,""stops"":[[7,12],[11,16]]}";[0,0];bottom;8.0;;;;rgb(0,100,0);rgba(255,255,255,0.8);1.2;;;
geografisch_vlak_heidenaam;symbol;brt_topnl;top10nl_geografisch_gebied_vlak;"[""in"",""typegeografischgebied"",""heidegebied""]";13.0;;;;;;;;;;;;;;;;;;;{naamnl};"[""pdok_OpenSansRegular""]";"{""base"":1.2,""stops"":[[7,12],[11,16]]}";[0,0];bottom;8.0;;;;rgb(0,100,0);rgba(255,255,255,0.8);1.2;;;
functioneelgebied_punt_divers;symbol;brt_topnl;top10nl_functioneel_gebied_punt;;13.0;;;;;;;;;;;;;;;;;;;{naamnl};"[""pdok_OpenSansRegular""]";12;;;10.0;;;1.5;rgb(255,0,0);rgb(255,255,255);1.2;;;
functioneelgebied_vlak_divers;symbol;brt_topnl;top10nl_functioneel_gebied_vlak;;13.0;;;;;;;;;;;;;;;;;;;{naamnl};"[""pdok_OpenSansRegular""]";12;;;10.0;;;1.5;rgb(200,0,0);rgb(255,255,255);1.2;;;
functioneelgebied_multivlak_divers;symbol;brt_topnl;top10nl_functioneel_gebied_multivlak;;13.0;;;;;;;;;;;;;;;;;;;{naamnl};"[""pdok_OpenSansRegular""]";12;;;10.0;;;1.5;rgb(150,0,0);rgb(255,255,255);1.2;;;
;;;;;;;;;;;;;;;;;;;;;;;;;;;;;;;;;;;;;;
;;;;;;;;;;;;;;;;;;;;;;;;;;;;;;;;;;;;;;
registratief_prov_multivlak10;line;brt_topnl;top10nl_registratief_gebied_multivlak;"[""=="",""typeregistratiefgebied"",""provincie""]";;;;;;;;;;round;miter;rgb(100,100,100);"[""interpolate"",[""exponential"",1.5],[""zoom""],1,1,20,6]";;;[5, 3, 1, 3];;;;;;;;;;;;;;;;;;
registratief_prov_vlak10;line;brt_topnl;top10nl_registratief_gebied_vlak;"[""=="",""typeregistratiefgebied"",""provincie""]";;;;;;;;;;round;miter;rgb(100,100,100);"[""interpolate"",[""exponential"",1.5],[""zoom""],1,1,20,6]";;;[5, 3, 1, 3];;;;;;;;;;;;;;;;;;
registratief_prov_vlak50;line;brt_topnl;top50nl_registratief_gebied_vlak;"[""=="",""type_registratief_gebied"",""provincie""]";;;;;;;;;;round;miter;rgb(100,100,100);"[""interpolate"",[""exponential"",1.5],[""zoom""],1,1,20,6]";;;[5, 3, 1, 3];;;;;;;;;;;;;;;;;;
registratief_prov_vlak100;line;brt_topnl;top100nl_registratief_gebied_vlak;"[""=="",""type_registratief_gebied"",""provincie""]";;;;;;;;;;round;miter;rgb(100,100,100);"[""interpolate"",[""exponential"",1.5],[""zoom""],1,1,20,6]";;;[5, 3, 1, 3];;;;;;;;;;;;;;;;;;
registratief_prov_vlak250;line;brt_topnl;top250nl_registratief_gebied_vlak;"[""=="",""type_regigebied"",""provincie""]";;;;;;;;;;round;miter;rgb(100,100,100);"[""interpolate"",[""exponential"",1.5],[""zoom""],1,1,20,6]";;;[5, 3, 1, 3];;;;;;;;;;;;;;;;;;
registratief_prov_vlak500;line;brt_topnl;top500nl_registratief_gebied_vlak;"[""=="",""type_regigebied"",""provincie""]";;;;;;;;;;round;miter;rgb(100,100,100);"[""interpolate"",[""exponential"",1.5],[""zoom""],1,1,20,6]";;;[5, 3, 1, 3];;;;;;;;;;;;;;;;;;
registratief_prov_vlak1000;line;brt_topnl;top1000nl_registratief_gebied_vlak;"[""=="",""type_regigebied"",""provincie""]";;;;;;;;;;round;miter;rgb(100,100,100);"[""interpolate"",[""exponential"",1.5],[""zoom""],1,1,20,6]";;;[5, 3, 1, 3];;;;;;;;;;;;;;;;;;
;;;;;;;;;;;;;;;;;;;;;;;;;;;;;;;;;;;;;;
registratief_land_multivlak10;line;brt_topnl;top10nl_registratief_gebied_multivlak;"[""=="",""typeregistratiefgebied"",""land""]";;;;;;;;;;round;miter;rgb(0,0,0);"[""interpolate"",[""exponential"",1.5],[""zoom""],1,1,20,6]";;;[5, 3, 1, 3];;;;;;;;;;;;;;;;;;
registratief_land_vlak50;line;brt_topnl;top50nl_registratief_gebied_vlak;"[""=="",""type_registratief_gebied"",""land""]";;;;;;;;;;round;miter;rgb(0,0,0);"[""interpolate"",[""exponential"",1.5],[""zoom""],1,1,20,6]";;;[5, 3, 1, 3];;;;;;;;;;;;;;;;;;
registratief_land_vlak100;line;brt_topnl;top100nl_registratief_gebied_vlak;"[""=="",""type_registratief_gebied"",""land""]";;;;;;;;;;round;miter;rgb(0,0,0);"[""interpolate"",[""exponential"",1.5],[""zoom""],1,1,20,6]";;;[5, 3, 1, 3];;;;;;;;;;;;;;;;;;
registratief_land_vlak250;line;brt_topnl;top250nl_registratief_gebied_vlak;"[""=="",""type_regigebied"",""land""]";;;;;;;;;;round;miter;rgb(0,0,0);"[""interpolate"",[""exponential"",1.5],[""zoom""],1,1,20,6]";;;[5, 3, 1, 3];;;;;;;;;;;;;;;;;;
registratief_land_vlak500;line;brt_topnl;top500nl_registratief_gebied_vlak;"[""=="",""type_regigebied"",""land""]";;;;;;;;;;round;miter;rgb(0,0,0);"[""interpolate"",[""exponential"",1.5],[""zoom""],1,1,20,6]";;;[5, 3, 1, 3];;;;;;;;;;;;;;;;;;
registratief_land_vlak1000;line;brt_topnl;top1000nl_registratief_gebied_vlak;"[""=="",""type_regigebied"",""land""]";;;;;;;;;;round;miter;rgb(0,0,0);"[""interpolate"",[""exponential"",1.5],[""zoom""],1,1,20,6]";;;[5, 3, 1, 3];;;;;;;;;;;;;;;;;;
;;;;;;;;;;;;;;;;;;;;;;;;;;;;;;;;;;;;;;
